Workbook

Sheet Synthèse & Performance
B2: AL BARID BANK
B3: Portail de Suivi de la Qualité Client - Centre de Relations Clients
B4: Performance des Écoutes (Pondération : 70% Fond / 30% Forme)
B6: SYNTHÈSE DES AUDITS QUALITÉ
B8: TOTAL AUDITS RÉALISÉS | C8: MOYENNE GLOBALE DU CENTRE | D8: MOYENNE APPELS ENTRANTS (AE) | E8: MOYENNE APPELS SORTANTS (AS) | F8: TAUX DE CONFORMITÉ | G8: SEMAINE ACTUELLE (REF)
B9: =COUNT('Historique AE AS'!$I$4:$I$123) | C9: =IFERROR(AVERAGE('Historique AE AS'!$I$4:$I$123),"") | D9: =C13 | E9: =F13 | F9: =IF($B$9=0,"",COUNTIF('Historique AE AS'!$J$4:$J$123,"Objectif Atteint")/$B$9) | G9: =_xlfn.ISOWEEKNUM(TODAY())
B11: Moyenne Globale AE | E11: Moyenne Globale AS
B12: APPEL ENTRANT (AE) | E12: APPEL SORTANT (AS)
B13: SCORE MOYEN GLOBAL | C13: =IFERROR(AVERAGEIFS('Historique AE AS'!$I$4:$I$123,'Historique AE AS'!$D$4:$D$123,"AE"),"") | D13: ="Cible : ≥ "&TEXT('KPI Agents'!$E$5,"0.0%") | E13: SCORE MOYEN GLOBAL | F13: =IFERROR(AVERAGEIFS('Historique AE AS'!$I$4:$I$123,'Historique AE AS'!$D$4:$D$123,"AS"),"") | G13: ="Cible : ≥ "&TEXT('KPI Agents'!$E$5,"0.0%")
B14: Moyenne FOND (70%) | C14: =IFERROR(AVERAGEIFS('Historique AE AS'!$G$4:$G$123,'Historique AE AS'!$D$4:$D$123,"AE"),"") | D14: Poids : 70% | E14: Moyenne FOND (70%) | F14: =IFERROR(AVERAGEIFS('Historique AE AS'!$G$4:$G$123,'Historique AE AS'!$D$4:$D$123,"AS"),"") | G14: Poids : 70%
B15: Moyenne FORME (30%) | C15: =IFERROR(AVERAGEIFS('Historique AE AS'!$H$4:$H$123,'Historique AE AS'!$D$4:$D$123,"AE"),"") | D15: Poids : 30% | E15: Moyenne FORME (30%) | F15: =IFERROR(AVERAGEIFS('Historique AE AS'!$H$4:$H$123,'Historique AE AS'!$D$4:$D$123,"AS"),"") | G15: Poids : 30%
B16: STATUT OBJECTIF | C16: =IF(NOT(ISNUMBER(C13)),"—",IF(C13>='KPI Agents'!$E$5,"Objectif Atteint ✅","Non Atteint ❌")) | E16: STATUT OBJECTIF | F16: =IF(NOT(ISNUMBER(F13)),"—",IF(F13>='KPI Agents'!$E$5,"Objectif Atteint ✅","Non Atteint ❌"))
B18: Moyennes issues de l'onglet « Historique AE AS », lui-même alimenté automatiquement par les grilles AE et AS. Fiche individuelle : onglet « Fiche Agent » · tableau complet : « KPI Agents » · détail par critère : « Analyse Critères ».

Sheet Fiche Agent
A2: FICHE AGENT — TABLEAU DE BORD INDIVIDUEL
A3: Saisissez un nom d'agent OU un log HERMES : tous les indicateurs et graphiques ci-dessous se recalculent automatiquement. Le log est prioritaire sur le nom s'il est renseigné.
A5: Nom de l'agent | D5: ou Log HERMES | F5: Année
A6: Abdellah Bettioua | F6: 2026
A8: AGENT ANALYSÉ → | C8: =IFERROR(IF($D$6<>"",INDEX('LOG Agent'!$A$2:$A$52,MATCH($D$6,'LOG Agent'!$B$2:$B$52,0)),$A$6),$A$6) | K8: =IF($C$8="","","Log : "&IFERROR(VLOOKUP($C$8,'LOG Agent'!$A:$B,2,FALSE),"?")) | N8: =IF($C$8="","","Rang : "&IFERROR(TEXT(INDEX('KPI Agents'!$T$12:$T$62,MATCH($C$8,'KPI Agents'!$A$12:$A$62,0)),"0")&" / "&TEXT(COUNTIF('KPI Agents'!$C$12:$C$62,">0"),"0"),"n/a")) | Q8: =IF($C$8="","⚠ Saisissez un nom ou un log.",IF(COUNTIFS('Historique AE AS'!$B$4:$B$123,$C$8,'Historique AE AS'!$L$4:$L$123,$F$6)=0,"⚠ Aucun audit sur l'année sélectionnée.",""))
A10: AUDITS | C10: EXPLOITABLES | E10: SCORE GLOBAL | G10: ÉCART VS CIBLE | I10: CONFORMITÉ | K10: FOND (70%) | M10: FORME (30%) | O10: COMPLÉTUDE | Q10: DMC MOYENNE | S10: NIVEAU
A11: =COUNTIFS('Historique AE AS'!$B$4:$B$123,$C$8,'Historique AE AS'!$L$4:$L$123,$F$6) | C11: =COUNTIFS('Historique AE AS'!$B$4:$B$123,$C$8,'Historique AE AS'!$L$4:$L$123,$F$6,'Historique AE AS'!$S$4:$S$123,"Oui") | E11: =$B$97 | G11: =IF(NOT(ISNUMBER($B$97)),"",$B$97-'KPI Agents'!$E$5) | I11: =$B$98 | K11: =$B$95 | M11: =$B$96 | O11: =$B$99 | Q11: =IFERROR(AVERAGEIFS('Historique AE AS'!$F$4:$F$123,'Historique AE AS'!$B$4:$B$123,$C$8,'Historique AE AS'!$L$4:$L$123,$F$6),"") | S11: =IF(NOT(ISNUMBER($B$97)),"—",IF($B$97>=0.9,"Excellent",IF($B$97>='KPI Agents'!$E$5,"Conforme",IF($B$97>='KPI Agents'!$E$5-0.1,"À accompagner","Critique"))))
A90: Les profils par critère portent sur toutes les écoutes de l'agent saisies dans les grilles (sans filtre d'année) ; les autres indicateurs suivent l'année sélectionnée.
A92: DONNÉES DES GRAPHIQUES — calculées automatiquement, ne rien modifier
A94: Indicateur | B94: Agent | C94: Centre
A95: Moyenne Fond | B95: =IFERROR(AVERAGEIFS('Historique AE AS'!$G$4:$G$123,'Historique AE AS'!$B$4:$B$123,$C$8,'Historique AE AS'!$L$4:$L$123,$F$6),"") | C95: =IFERROR(AVERAGEIFS('Historique AE AS'!$G$4:$G$123,'Historique AE AS'!$L$4:$L$123,$F$6),"")
A96: Moyenne Forme | B96: =IFERROR(AVERAGEIFS('Historique AE AS'!$H$4:$H$123,'Historique AE AS'!$B$4:$B$123,$C$8,'Historique AE AS'!$L$4:$L$123,$F$6),"") | C96: =IFERROR(AVERAGEIFS('Historique AE AS'!$H$4:$H$123,'Historique AE AS'!$L$4:$L$123,$F$6),"")
A97: Score global | B97: =IFERROR(AVERAGEIFS('Historique AE AS'!$I$4:$I$123,'Historique AE AS'!$B$4:$B$123,$C$8,'Historique AE AS'!$L$4:$L$123,$F$6),"") | C97: =IFERROR(AVERAGEIFS('Historique AE AS'!$I$4:$I$123,'Historique AE AS'!$L$4:$L$123,$F$6),"")
A98: Taux de conformité | B98: =IF(COUNTIFS('Historique AE AS'!$B$4:$B$123,$C$8,'Historique AE AS'!$L$4:$L$123,$F$6)=0,"",COUNTIFS('Historique AE AS'!$B$4:$B$123,$C$8,'Historique AE AS'!$L$4:$L$123,$F$6,'Historique AE AS'!$J$4:$J$123,"Objectif Atteint")/COUNTIFS('Historique AE AS'!$B$4:$B$123,$C$8,'Historique AE AS'!$L$4:$L$123,$F$6)) | C98: =IF(COUNTIFS('Historique AE AS'!$L$4:$L$123,$F$6)=0,"",COUNTIFS('Historique AE AS'!$L$4:$L$123,$F$6,'Historique AE AS'!$J$4:$J$123,"Objectif Atteint")/COUNTIFS('Historique AE AS'!$L$4:$L$123,$F$6))
A99: Complétude | B99: =IFERROR(AVERAGEIFS('Historique AE AS'!$R$4:$R$123,'Historique AE AS'!$B$4:$B$123,$C$8,'Historique AE AS'!$L$4:$L$123,$F$6),"") | C99: =IFERROR(AVERAGEIFS('Historique AE AS'!$R$4:$R$123,'Historique AE AS'!$L$4:$L$123,$F$6),"")
A101: Semaine | B101: Agent | C101: Centre | D101: Cible
A102: 1 | B102: =IFERROR(AVERAGEIFS('Historique AE AS'!$I$4:$I$123,'Historique AE AS'!$B$4:$B$123,$C$8,'Historique AE AS'!$L$4:$L$123,$F$6,'Historique AE AS'!$K$4:$K$123,$A102),"") | C102: =IFERROR(AVERAGEIFS('Historique AE AS'!$I$4:$I$123,'Historique AE AS'!$L$4:$L$123,$F$6,'Historique AE AS'!$K$4:$K$123,$A102),"") | D102: ='KPI Agents'!$E$5
A103: 2 | B103: =IFERROR(AVERAGEIFS('Historique AE AS'!$I$4:$I$123,'Historique AE AS'!$B$4:$B$123,$C$8,'Historique AE AS'!$L$4:$L$123,$F$6,'Historique AE AS'!$K$4:$K$123,$A103),"") | C103: =IFERROR(AVERAGEIFS('Historique AE AS'!$I$4:$I$123,'Historique AE AS'!$L$4:$L$123,$F$6,'Historique AE AS'!$K$4:$K$123,$A103),"") | D103: ='KPI Agents'!$E$5
A104: 3 | B104: =IFERROR(AVERAGEIFS('Historique AE AS'!$I$4:$I$123,'Historique AE AS'!$B$4:$B$123,$C$8,'Historique AE AS'!$L$4:$L$123,$F$6,'Historique AE AS'!$K$4:$K$123,$A104),"") | C104: =IFERROR(AVERAGEIFS('Historique AE AS'!$I$4:$I$123,'Historique AE AS'!$L$4:$L$123,$F$6,'Historique AE AS'!$K$4:$K$123,$A104),"") | D104: ='KPI Agents'!$E$5
A105: 4 | B105: =IFERROR(AVERAGEIFS('Historique AE AS'!$I$4:$I$123,'Historique AE AS'!$B$4:$B$123,$C$8,'Historique AE AS'!$L$4:$L$123,$F$6,'Historique AE AS'!$K$4:$K$123,$A105),"") | C105: =IFERROR(AVERAGEIFS('Historique AE AS'!$I$4:$I$123,'Historique AE AS'!$L$4:$L$123,$F$6,'Historique AE AS'!$K$4:$K$123,$A105),"") | D105: ='KPI Agents'!$E$5
A106: 5 | B106: =IFERROR(AVERAGEIFS('Historique AE AS'!$I$4:$I$123,'Historique AE AS'!$B$4:$B$123,$C$8,'Historique AE AS'!$L$4:$L$123,$F$6,'Historique AE AS'!$K$4:$K$123,$A106),"") | C106: =IFERROR(AVERAGEIFS('Historique AE AS'!$I$4:$I$123,'Historique AE AS'!$L$4:$L$123,$F$6,'Historique AE AS'!$K$4:$K$123,$A106),"") | D106: ='KPI Agents'!$E$5
A107: 6 | B107: =IFERROR(AVERAGEIFS('Historique AE AS'!$I$4:$I$123,'Historique AE AS'!$B$4:$B$123,$C$8,'Historique AE AS'!$L$4:$L$123,$F$6,'Historique AE AS'!$K$4:$K$123,$A107),"") | C107: =IFERROR(AVERAGEIFS('Historique AE AS'!$I$4:$I$123,'Historique AE AS'!$L$4:$L$123,$F$6,'Historique AE AS'!$K$4:$K$123,$A107),"") | D107: ='KPI Agents'!$E$5
A108: 7 | B108: =IFERROR(AVERAGEIFS('Historique AE AS'!$I$4:$I$123,'Historique AE AS'!$B$4:$B$123,$C$8,'Historique AE AS'!$L$4:$L$123,$F$6,'Historique AE AS'!$K$4:$K$123,$A108),"") | C108: =IFERROR(AVERAGEIFS('Historique AE AS'!$I$4:$I$123,'Historique AE AS'!$L$4:$L$123,$F$6,'Historique AE AS'!$K$4:$K$123,$A108),"") | D108: ='KPI Agents'!$E$5
A109: 8 | B109: =IFERROR(AVERAGEIFS('Historique AE AS'!$I$4:$I$123,'Historique AE AS'!$B$4:$B$123,$C$8,'Historique AE AS'!$L$4:$L$123,$F$6,'Historique AE AS'!$K$4:$K$123,$A109),"") | C109: =IFERROR(AVERAGEIFS('Historique AE AS'!$I$4:$I$123,'Historique AE AS'!$L$4:$L$123,$F$6,'Historique AE AS'!$K$4:$K$123,$A109),"") | D109: ='KPI Agents'!$E$5
A110: 9 | B110: =IFERROR(AVERAGEIFS('Historique AE AS'!$I$4:$I$123,'Historique AE AS'!$B$4:$B$123,$C$8,'Historique AE AS'!$L$4:$L$123,$F$6,'Historique AE AS'!$K$4:$K$123,$A110),"") | C110: =IFERROR(AVERAGEIFS('Historique AE AS'!$I$4:$I$123,'Historique AE AS'!$L$4:$L$123,$F$6,'Historique AE AS'!$K$4:$K$123,$A110),"") | D110: ='KPI Agents'!$E$5
A111: 10 | B111: =IFERROR(AVERAGEIFS('Historique AE AS'!$I$4:$I$123,'Historique AE AS'!$B$4:$B$123,$C$8,'Historique AE AS'!$L$4:$L$123,$F$6,'Historique AE AS'!$K$4:$K$123,$A111),"") | C111: =IFERROR(AVERAGEIFS('Historique AE AS'!$I$4:$I$123,'Historique AE AS'!$L$4:$L$123,$F$6,'Historique AE AS'!$K$4:$K$123,$A111),"") | D111: ='KPI Agents'!$E$5
A112: 11 | B112: =IFERROR(AVERAGEIFS('Historique AE AS'!$I$4:$I$123,'Historique AE AS'!$B$4:$B$123,$C$8,'Historique AE AS'!$L$4:$L$123,$F$6,'Historique AE AS'!$K$4:$K$123,$A112),"") | C112: =IFERROR(AVERAGEIFS('Historique AE AS'!$I$4:$I$123,'Historique AE AS'!$L$4:$L$123,$F$6,'Historique AE AS'!$K$4:$K$123,$A112),"") | D112: ='KPI Agents'!$E$5
A113: 12 | B113: =IFERROR(AVERAGEIFS('Historique AE AS'!$I$4:$I$123,'Historique AE AS'!$B$4:$B$123,$C$8,'Historique AE AS'!$L$4:$L$123,$F$6,'Historique AE AS'!$K$4:$K$123,$A113),"") | C113: =IFERROR(AVERAGEIFS('Historique AE AS'!$I$4:$I$123,'Historique AE AS'!$L$4:$L$123,$F$6,'Historique AE AS'!$K$4:$K$123,$A113),"") | D113: ='KPI Agents'!$E$5
... A154: 53 | B154: =IFERROR(AVERAGEIFS('Historique AE AS'!$I$4:$I$123,'Historique AE AS'!$B$4:$B$123,$C$8,'Historique AE AS'!$L$4:$L$123,$F$6,'Historique AE AS'!$K$4:$K$123,$A154),"") | C154: =IFERROR(AVERAGEIFS('Historique AE AS'!$I$4:$I$123,'Historique AE AS'!$L$4:$L$123,$F$6,'Historique AE AS'!$K$4:$K$123,$A154),"") | D154: ='KPI Agents'!$E$5
A156: Mois | B156: Agent | C156: Centre
A157: Janv. | B157: =IFERROR(AVERAGEIFS('Historique AE AS'!$I$4:$I$123,'Historique AE AS'!$B$4:$B$123,$C$8,'Historique AE AS'!$L$4:$L$123,$F$6,'Historique AE AS'!$T$4:$T$123,1),"") | C157: =IFERROR(AVERAGEIFS('Historique AE AS'!$I$4:$I$123,'Historique AE AS'!$L$4:$L$123,$F$6,'Historique AE AS'!$T$4:$T$123,1),"")
A158: Févr. | B158: =IFERROR(AVERAGEIFS('Historique AE AS'!$I$4:$I$123,'Historique AE AS'!$B$4:$B$123,$C$8,'Historique AE AS'!$L$4:$L$123,$F$6,'Historique AE AS'!$T$4:$T$123,2),"") | C158: =IFERROR(AVERAGEIFS('Historique AE AS'!$I$4:$I$123,'Historique AE AS'!$L$4:$L$123,$F$6,'Historique AE AS'!$T$4:$T$123,2),"")
A159: Mars | B159: =IFERROR(AVERAGEIFS('Historique AE AS'!$I$4:$I$123,'Historique AE AS'!$B$4:$B$123,$C$8,'Historique AE AS'!$L$4:$L$123,$F$6,'Historique AE AS'!$T$4:$T$123,3),"") | C159: =IFERROR(AVERAGEIFS('Historique AE AS'!$I$4:$I$123,'Historique AE AS'!$L$4:$L$123,$F$6,'Historique AE AS'!$T$4:$T$123,3),"")
A160: Avril | B160: =IFERROR(AVERAGEIFS('Historique AE AS'!$I$4:$I$123,'Historique AE AS'!$B$4:$B$123,$C$8,'Historique AE AS'!$L$4:$L$123,$F$6,'Historique AE AS'!$T$4:$T$123,4),"") | C160: =IFERROR(AVERAGEIFS('Historique AE AS'!$I$4:$I$123,'Historique AE AS'!$L$4:$L$123,$F$6,'Historique AE AS'!$T$4:$T$123,4),"")
A161: Mai | B161: =IFERROR(AVERAGEIFS('Historique AE AS'!$I$4:$I$123,'Historique AE AS'!$B$4:$B$123,$C$8,'Historique AE AS'!$L$4:$L$123,$F$6,'Historique AE AS'!$T$4:$T$123,5),"") | C161: =IFERROR(AVERAGEIFS('Historique AE AS'!$I$4:$I$123,'Historique AE AS'!$L$4:$L$123,$F$6,'Historique AE AS'!$T$4:$T$123,5),"")
A162: Juin | B162: =IFERROR(AVERAGEIFS('Historique AE AS'!$I$4:$I$123,'Historique AE AS'!$B$4:$B$123,$C$8,'Historique AE AS'!$L$4:$L$123,$F$6,'Historique AE AS'!$T$4:$T$123,6),"") | C162: =IFERROR(AVERAGEIFS('Historique AE AS'!$I$4:$I$123,'Historique AE AS'!$L$4:$L$123,$F$6,'Historique AE AS'!$T$4:$T$123,6),"")
A163: Juil. | B163: =IFERROR(AVERAGEIFS('Historique AE AS'!$I$4:$I$123,'Historique AE AS'!$B$4:$B$123,$C$8,'Historique AE AS'!$L$4:$L$123,$F$6,'Historique AE AS'!$T$4:$T$123,7),"") | C163: =IFERROR(AVERAGEIFS('Historique AE AS'!$I$4:$I$123,'Historique AE AS'!$L$4:$L$123,$F$6,'Historique AE AS'!$T$4:$T$123,7),"")
A164: Août | B164: =IFERROR(AVERAGEIFS('Historique AE AS'!$I$4:$I$123,'Historique AE AS'!$B$4:$B$123,$C$8,'Historique AE AS'!$L$4:$L$123,$F$6,'Historique AE AS'!$T$4:$T$123,8),"") | C164: =IFERROR(AVERAGEIFS('Historique AE AS'!$I$4:$I$123,'Historique AE AS'!$L$4:$L$123,$F$6,'Historique AE AS'!$T$4:$T$123,8),"")
A165: Sept. | B165: =IFERROR(AVERAGEIFS('Historique AE AS'!$I$4:$I$123,'Historique AE AS'!$B$4:$B$123,$C$8,'Historique AE AS'!$L$4:$L$123,$F$6,'Historique AE AS'!$T$4:$T$123,9),"") | C165: =IFERROR(AVERAGEIFS('Historique AE AS'!$I$4:$I$123,'Historique AE AS'!$L$4:$L$123,$F$6,'Historique AE AS'!$T$4:$T$123,9),"")
A166: Oct. | B166: =IFERROR(AVERAGEIFS('Historique AE AS'!$I$4:$I$123,'Historique AE AS'!$B$4:$B$123,$C$8,'Historique AE AS'!$L$4:$L$123,$F$6,'Historique AE AS'!$T$4:$T$123,10),"") | C166: =IFERROR(AVERAGEIFS('Historique AE AS'!$I$4:$I$123,'Historique AE AS'!$L$4:$L$123,$F$6,'Historique AE AS'!$T$4:$T$123,10),"")
A167: Nov. | B167: =IFERROR(AVERAGEIFS('Historique AE AS'!$I$4:$I$123,'Historique AE AS'!$B$4:$B$123,$C$8,'Historique AE AS'!$L$4:$L$123,$F$6,'Historique AE AS'!$T$4:$T$123,11),"") | C167: =IFERROR(AVERAGEIFS('Historique AE AS'!$I$4:$I$123,'Historique AE AS'!$L$4:$L$123,$F$6,'Historique AE AS'!$T$4:$T$123,11),"")
A168: Déc. | B168: =IFERROR(AVERAGEIFS('Historique AE AS'!$I$4:$I$123,'Historique AE AS'!$B$4:$B$123,$C$8,'Historique AE AS'!$L$4:$L$123,$F$6,'Historique AE AS'!$T$4:$T$123,12),"") | C168: =IFERROR(AVERAGEIFS('Historique AE AS'!$I$4:$I$123,'Historique AE AS'!$L$4:$L$123,$F$6,'Historique AE AS'!$T$4:$T$123,12),"")
A170: Objet de l'appel | B170: Score agent | C170: Nb audits
A171: Monétique | B171: =IFERROR(AVERAGEIFS('Historique AE AS'!$I$4:$I$123,'Historique AE AS'!$B$4:$B$123,$C$8,'Historique AE AS'!$L$4:$L$123,$F$6,'Historique AE AS'!$E$4:$E$123,"Monétique*"),"") | C171: =COUNTIFS('Historique AE AS'!$B$4:$B$123,$C$8,'Historique AE AS'!$L$4:$L$123,$F$6,'Historique AE AS'!$E$4:$E$123,"Monétique*")
A172: BBM | B172: =IFERROR(AVERAGEIFS('Historique AE AS'!$I$4:$I$123,'Historique AE AS'!$B$4:$B$123,$C$8,'Historique AE AS'!$L$4:$L$123,$F$6,'Historique AE AS'!$E$4:$E$123,"BBM*"),"") | C172: =COUNTIFS('Historique AE AS'!$B$4:$B$123,$C$8,'Historique AE AS'!$L$4:$L$123,$F$6,'Historique AE AS'!$E$4:$E$123,"BBM*")
A173: CC | B173: =IFERROR(AVERAGEIFS('Historique AE AS'!$I$4:$I$123,'Historique AE AS'!$B$4:$B$123,$C$8,'Historique AE AS'!$L$4:$L$123,$F$6,'Historique AE AS'!$E$4:$E$123,"CC*"),"") | C173: =COUNTIFS('Historique AE AS'!$B$4:$B$123,$C$8,'Historique AE AS'!$L$4:$L$123,$F$6,'Historique AE AS'!$E$4:$E$123,"CC*")
A174: CEN | B174: =IFERROR(AVERAGEIFS('Historique AE AS'!$I$4:$I$123,'Historique AE AS'!$B$4:$B$123,$C$8,'Historique AE AS'!$L$4:$L$123,$F$6,'Historique AE AS'!$E$4:$E$123,"CEN*"),"") | C174: =COUNTIFS('Historique AE AS'!$B$4:$B$123,$C$8,'Historique AE AS'!$L$4:$L$123,$F$6,'Historique AE AS'!$E$4:$E$123,"CEN*")
A175: Qualité de service | B175: =IFERROR(AVERAGEIFS('Historique AE AS'!$I$4:$I$123,'Historique AE AS'!$B$4:$B$123,$C$8,'Historique AE AS'!$L$4:$L$123,$F$6,'Historique AE AS'!$E$4:$E$123,"Qualité de service*"),"") | C175: =COUNTIFS('Historique AE AS'!$B$4:$B$123,$C$8,'Historique AE AS'!$L$4:$L$123,$F$6,'Historique AE AS'!$E$4:$E$123,"Qualité de service*")
A176: Crédits | B176: =IFERROR(AVERAGEIFS('Historique AE AS'!$I$4:$I$123,'Historique AE AS'!$B$4:$B$123,$C$8,'Historique AE AS'!$L$4:$L$123,$F$6,'Historique AE AS'!$E$4:$E$123,"Crédits*"),"") | C176: =COUNTIFS('Historique AE AS'!$B$4:$B$123,$C$8,'Historique AE AS'!$L$4:$L$123,$F$6,'Historique AE AS'!$E$4:$E$123,"Crédits*")
A177: Transferts | B177: =IFERROR(AVERAGEIFS('Historique AE AS'!$I$4:$I$123,'Historique AE AS'!$B$4:$B$123,$C$8,'Historique AE AS'!$L$4:$L$123,$F$6,'Historique AE AS'!$E$4:$E$123,"Transferts*"),"") | C177: =COUNTIFS('Historique AE AS'!$B$4:$B$123,$C$8,'Historique AE AS'!$L$4:$L$123,$F$6,'Historique AE AS'!$E$4:$E$123,"Transferts*")
A178: Bancassurance | B178: =IFERROR(AVERAGEIFS('Historique AE AS'!$I$4:$I$123,'Historique AE AS'!$B$4:$B$123,$C$8,'Historique AE AS'!$L$4:$L$123,$F$6,'Historique AE AS'!$E$4:$E$123,"Bancassurance*"),"") | C178: =COUNTIFS('Historique AE AS'!$B$4:$B$123,$C$8,'Historique AE AS'!$L$4:$L$123,$F$6,'Historique AE AS'!$E$4:$E$123,"Bancassurance*")
A179: Autres | B179: =IFERROR(AVERAGEIFS('Historique AE AS'!$I$4:$I$123,'Historique AE AS'!$B$4:$B$123,$C$8,'Historique AE AS'!$L$4:$L$123,$F$6,'Historique AE AS'!$E$4:$E$123,"Autres*"),"") | C179: =COUNTIFS('Historique AE AS'!$B$4:$B$123,$C$8,'Historique AE AS'!$L$4:$L$123,$F$6,'Historique AE AS'!$E$4:$E$123,"Autres*")
A180: Entrée en relation | B180: =IFERROR(AVERAGEIFS('Historique AE AS'!$I$4:$I$123,'Historique AE AS'!$B$4:$B$123,$C$8,'Historique AE AS'!$L$4:$L$123,$F$6,'Historique AE AS'!$E$4:$E$123,"Entrée en relation*"),"") | C180: =COUNTIFS('Historique AE AS'!$B$4:$B$123,$C$8,'Historique AE AS'!$L$4:$L$123,$F$6,'Historique AE AS'!$E$4:$E$123,"Entrée en relation*")
A181: Saltcl | B181: =IFERROR(AVERAGEIFS('Historique AE AS'!$I$4:$I$123,'Historique AE AS'!$B$4:$B$123,$C$8,'Historique AE AS'!$L$4:$L$123,$F$6,'Historique AE AS'!$E$4:$E$123,"Saltcl*"),"") | C181: =COUNTIFS('Historique AE AS'!$B$4:$B$123,$C$8,'Historique AE AS'!$L$4:$L$123,$F$6,'Historique AE AS'!$E$4:$E$123,"Saltcl*")
A183: Critère | B183: Score agent | C183: Libellé complet
A184: ="AE "&'Grille AE'!$B16 | B184: =IFERROR(AVERAGEIF('Grille AE'!$G$3:$BN$3,$C$8,'Grille AE'!$G16:$BN16)/10,"") | C184: ='Grille AE'!$D16
A185: ="AE "&'Grille AE'!$B17 | B185: =IFERROR(AVERAGEIF('Grille AE'!$G$3:$BN$3,$C$8,'Grille AE'!$G17:$BN17)/10,"") | C185: ='Grille AE'!$D17
A186: ="AE "&'Grille AE'!$B18 | B186: =IFERROR(AVERAGEIF('Grille AE'!$G$3:$BN$3,$C$8,'Grille AE'!$G18:$BN18)/10,"") | C186: ='Grille AE'!$D18
A187: ="AE "&'Grille AE'!$B19 | B187: =IFERROR(AVERAGEIF('Grille AE'!$G$3:$BN$3,$C$8,'Grille AE'!$G19:$BN19)/10,"") | C187: ='Grille AE'!$D19
A188: ="AE "&'Grille AE'!$B20 | B188: =IFERROR(AVERAGEIF('Grille AE'!$G$3:$BN$3,$C$8,'Grille AE'!$G20:$BN20)/10,"") | C188: ='Grille AE'!$D20
A189: ="AE "&'Grille AE'!$B21 | B189: =IFERROR(AVERAGEIF('Grille AE'!$G$3:$BN$3,$C$8,'Grille AE'!$G21:$BN21)/10,"") | C189: ='Grille AE'!$D21
A190: ="AE "&'Grille AE'!$B22 | B190: =IFERROR(AVERAGEIF('Grille AE'!$G$3:$BN$3,$C$8,'Grille AE'!$G22:$BN22)/10,"") | C190: ='Grille AE'!$D22
A191: ="AE "&'Grille AE'!$B23 | B191: =IFERROR(AVERAGEIF('Grille AE'!$G$3:$BN$3,$C$8,'Grille AE'!$G23:$BN23)/10,"") | C191: ='Grille AE'!$D23
A192: ="AE "&'Grille AE'!$B24 | B192: =IFERROR(AVERAGEIF('Grille AE'!$G$3:$BN$3,$C$8,'Grille AE'!$G24:$BN24)/10,"") | C192: ='Grille AE'!$D24
A193: ="AE "&'Grille AE'!$B25 | B193: =IFERROR(AVERAGEIF('Grille AE'!$G$3:$BN$3,$C$8,'Grille AE'!$G25:$BN25)/10,"") | C193: ='Grille AE'!$D25
A194: ="AS "&'Grille AS'!$B16 | B194: =IFERROR(AVERAGEIF('Grille AS'!$G$3:$BN$3,$C$8,'Grille AS'!$G16:$BN16)/10,"") | C194: ='Grille AS'!$D16
A195: ="AS "&'Grille AS'!$B17 | B195: =IFERROR(AVERAGEIF('Grille AS'!$G$3:$BN$3,$C$8,'Grille AS'!$G17:$BN17)/10,"") | C195: ='Grille AS'!$D17
A196: ="AS "&'Grille AS'!$B18 | B196: =IFERROR(AVERAGEIF('Grille AS'!$G$3:$BN$3,$C$8,'Grille AS'!$G18:$BN18)/10,"") | C196: ='Grille AS'!$D18
A197: ="AS "&'Grille AS'!$B19 | B197: =IFERROR(AVERAGEIF('Grille AS'!$G$3:$BN$3,$C$8,'Grille AS'!$G19:$BN19)/10,"") | C197: ='Grille AS'!$D19
A198: ="AS "&'Grille AS'!$B20 | B198: =IFERROR(AVERAGEIF('Grille AS'!$G$3:$BN$3,$C$8,'Grille AS'!$G20:$BN20)/10,"") | C198: ='Grille AS'!$D20
A199: ="AS "&'Grille AS'!$B21 | B199: =IFERROR(AVERAGEIF('Grille AS'!$G$3:$BN$3,$C$8,'Grille AS'!$G21:$BN21)/10,"") | C199: ='Grille AS'!$D21
A200: ="AS "&'Grille AS'!$B22 | B200: =IFERROR(AVERAGEIF('Grille AS'!$G$3:$BN$3,$C$8,'Grille AS'!$G22:$BN22)/10,"") | C200: ='Grille AS'!$D22
A202: Critère | B202: Score agent | C202: Libellé complet
A203: ="AE "&'Grille AE'!$B27 | B203: =IFERROR(AVERAGEIF('Grille AE'!$G$3:$BN$3,$C$8,'Grille AE'!$G27:$BN27)/10,"") | C203: ='Grille AE'!$D27
A204: ="AE "&'Grille AE'!$B28 | B204: =IFERROR(AVERAGEIF('Grille AE'!$G$3:$BN$3,$C$8,'Grille AE'!$G28:$BN28)/10,"") | C204: ='Grille AE'!$D28
A205: ="AE "&'Grille AE'!$B29 | B205: =IFERROR(AVERAGEIF('Grille AE'!$G$3:$BN$3,$C$8,'Grille AE'!$G29:$BN29)/10,"") | C205: ='Grille AE'!$D29
A206: ="AE "&'Grille AE'!$B30 | B206: =IFERROR(AVERAGEIF('Grille AE'!$G$3:$BN$3,$C$8,'Grille AE'!$G30:$BN30)/10,"") | C206: ='Grille AE'!$D30
A207: ="AE "&'Grille AE'!$B31 | B207: =IFERROR(AVERAGEIF('Grille AE'!$G$3:$BN$3,$C$8,'Grille AE'!$G31:$BN31)/10,"") | C207: ='Grille AE'!$D31
A208: ="AE "&'Grille AE'!$B32 | B208: =IFERROR(AVERAGEIF('Grille AE'!$G$3:$BN$3,$C$8,'Grille AE'!$G32:$BN32)/10,"") | C208: ='Grille AE'!$D32
A209: ="AE "&'Grille AE'!$B33 | B209: =IFERROR(AVERAGEIF('Grille AE'!$G$3:$BN$3,$C$8,'Grille AE'!$G33:$BN33)/10,"") | C209: ='Grille AE'!$D33
A210: ="AE "&'Grille AE'!$B34 | B210: =IFERROR(AVERAGEIF('Grille AE'!$G$3:$BN$3,$C$8,'Grille AE'!$G34:$BN34)/10,"") | C210: ='Grille AE'!$D34
A211: ="AE "&'Grille AE'!$B35 | B211: =IFERROR(AVERAGEIF('Grille AE'!$G$3:$BN$3,$C$8,'Grille AE'!$G35:$BN35)/10,"") | C211: ='Grille AE'!$D35
A212: ="AE "&'Grille AE'!$B36 | B212: =IFERROR(AVERAGEIF('Grille AE'!$G$3:$BN$3,$C$8,'Grille AE'!$G36:$BN36)/10,"") | C212: ='Grille AE'!$D36
A213: ="AE "&'Grille AE'!$B37 | B213: =IFERROR(AVERAGEIF('Grille AE'!$G$3:$BN$3,$C$8,'Grille AE'!$G37:$BN37)/10,"") | C213: ='Grille AE'!$D37
A214: ="AE "&'Grille AE'!$B38 | B214: =IFERROR(AVERAGEIF('Grille AE'!$G$3:$BN$3,$C$8,'Grille AE'!$G38:$BN38)/10,"") | C214: ='Grille AE'!$D38
... A217: ="AE "&'Grille AE'!$B41 | B217: =IFERROR(AVERAGEIF('Grille AE'!$G$3:$BN$3,$C$8,'Grille AE'!$G41:$BN41)/10,"") | C217: ='Grille AE'!$D41
A218: ="AS "&'Grille AS'!$B24 | B218: =IFERROR(AVERAGEIF('Grille AS'!$G$3:$BN$3,$C$8,'Grille AS'!$G24:$BN24)/10,"") | C218: ='Grille AS'!$D24
A219: ="AS "&'Grille AS'!$B25 | B219: =IFERROR(AVERAGEIF('Grille AS'!$G$3:$BN$3,$C$8,'Grille AS'!$G25:$BN25)/10,"") | C219: ='Grille AS'!$D25
A220: ="AS "&'Grille AS'!$B26 | B220: =IFERROR(AVERAGEIF('Grille AS'!$G$3:$BN$3,$C$8,'Grille AS'!$G26:$BN26)/10,"") | C220: ='Grille AS'!$D26
A221: ="AS "&'Grille AS'!$B27 | B221: =IFERROR(AVERAGEIF('Grille AS'!$G$3:$BN$3,$C$8,'Grille AS'!$G27:$BN27)/10,"") | C221: ='Grille AS'!$D27
A222: ="AS "&'Grille AS'!$B28 | B222: =IFERROR(AVERAGEIF('Grille AS'!$G$3:$BN$3,$C$8,'Grille AS'!$G28:$BN28)/10,"") | C222: ='Grille AS'!$D28
A223: ="AS "&'Grille AS'!$B29 | B223: =IFERROR(AVERAGEIF('Grille AS'!$G$3:$BN$3,$C$8,'Grille AS'!$G29:$BN29)/10,"") | C223: ='Grille AS'!$D29
A224: ="AS "&'Grille AS'!$B30 | B224: =IFERROR(AVERAGEIF('Grille AS'!$G$3:$BN$3,$C$8,'Grille AS'!$G30:$BN30)/10,"") | C224: ='Grille AS'!$D30
A225: ="AS "&'Grille AS'!$B31 | B225: =IFERROR(AVERAGEIF('Grille AS'!$G$3:$BN$3,$C$8,'Grille AS'!$G31:$BN31)/10,"") | C225: ='Grille AS'!$D31
A227: Type d'appel | B227: Nb audits
A228: Appels entrants (AE) | B228: =COUNTIFS('Historique AE AS'!$B$4:$B$123,$C$8,'Historique AE AS'!$L$4:$L$123,$F$6,'Historique AE AS'!$D$4:$D$123,"AE")
A229: Appels sortants (AS) | B229: =COUNTIFS('Historique AE AS'!$B$4:$B$123,$C$8,'Historique AE AS'!$L$4:$L$123,$F$6,'Historique AE AS'!$D$4:$D$123,"AS")
A231: Statut | B231: Nb audits
A232: Objectif Atteint | B232: =COUNTIFS('Historique AE AS'!$B$4:$B$123,$C$8,'Historique AE AS'!$L$4:$L$123,$F$6,'Historique AE AS'!$J$4:$J$123,"Objectif Atteint")
A233: Non Atteint | B233: =COUNTIFS('Historique AE AS'!$B$4:$B$123,$C$8,'Historique AE AS'!$L$4:$L$123,$F$6,'Historique AE AS'!$J$4:$J$123,"Non Atteint")

Sheet Grille AE
A2: GUIDE METHODOLOGIQUE DE L'EVALUATEUR | G2: AE
F3: Nom de l'Agent : | G3: Abdellah Bettioua | H3: Aymen Gozar | I3: BATTAL SALMA | J3: CHAMCHATI Hajar | K3: BOURBAH AMINA
A4: 1. Choix de la Grille | B4: Selon le type d'appel à évaluer, rendez-vous sur l'onglet 'Grille AE' (Appel Entrant) ou 'Grille AS' (Appel Sortant). | F4: LOG Agent : | G4: =_xlfn.IFNA(VLOOKUP(G3,'LOG Agent'!$A:$B,2, FALSE), "") | H4: =_xlfn.IFNA(VLOOKUP(H3,'LOG Agent'!$A:$B,2, FALSE), "") | I4: =_xlfn.IFNA(VLOOKUP(I3,'LOG Agent'!$A:$B,2, FALSE), "") | J4: =_xlfn.IFNA(VLOOKUP(J3,'LOG Agent'!$A:$B,2, FALSE), "") | K4: =_xlfn.IFNA(VLOOKUP(K3,'LOG Agent'!$A:$B,2, FALSE), "") | L4: =_xlfn.IFNA(VLOOKUP(L3,'LOG Agent'!$A:$B,2, FALSE), "") | M4: =_xlfn.IFNA(VLOOKUP(M3,'LOG Agent'!$A:$B,2, FALSE), "") | N4: =_xlfn.IFNA(VLOOKUP(N3,'LOG Agent'!$A:$B,2, FALSE), "") | ... BN4: =_xlfn.IFNA(VLOOKUP(BN3,'LOG Agent'!$A:$B,2, FALSE), "")
A5: 2. Système de Notation | B5: Sélectionnez les notes (10, 5, 0, ou N/A) directement via les listes déroulantes de la colonne 'Note d'évaluation'. | F5: Date d'écoute : | G5: 46265 | H5: 46235 | I5: 46235 | J5: 46235 | K5: 46266
A6: 3. Règle de Neutralisation | B6: La valeur 'N/A' permet d'exclure un critère non applicable à l'appel sans impacter négativement la note globale de l'agent. | F6: Heure Début : | G6: 0.35416667 | H6: 0.33888889 | I6: 0.33888889 | J6: 0.33888889 | K6: 0.33333333
A7: 4. Pondération des Notes | B7: Les scores globaux sont pondérés à 70% sur le Fond (procédures, expertise) et 30% sur la Forme (comportement, courtoisie, voix). | F7: Heure Fin : | G7: 0.36111111 | H7: 0.34027778 | I7: 0.34027778 | J7: 0.34027778 | K7: 0.33472222
A8: 5. Plan d'Action | B8: En bas de chaque grille d'évaluation, renseignez les axes d'amélioration de l'agent pour assurer sa montée en compétences. | F8: Type d'écoute : | G8: Écoute à chaud | H8: Écoute à froid | I8: Écoute à froid | J8: Écoute à froid | K8: Écoute à froid
F9: Typologie de l'appel : | G9: Demande d'information | H9: Demande d'information | I9: Demande d'information | J9: Demande d'information | K9: Réclamation
F10: Objet de l'appel : | G10: BBM | H10: CC | I10: CC | J10: CC | K10: BBM
F11: Autre à saisir :
B12: AL BARID BANK | G12: Evaluation 1 | H12: Evaluation 2 | I12: Evaluation 3 | J12: Evaluation 4 | K12: Evaluation 5 | L12: Evaluation 6 | M12: Evaluation 7 | N12: Evaluation 8 | O12: Evaluation 9 | P12: Evaluation 10 | Q12: Evaluation 11 | R12: Evaluation 12 | S12: Evaluation 13 | T12: Evaluation 14 | U12: Evaluation 15 | V12: Evaluation 16 | W12: Evaluation 17 | X12: Evaluation 18 | Y12: Evaluation 19 | Z12: Evaluation 20 | AA12: Evaluation 21 | AB12: Evaluation 22 | AC12: Evaluation 23 | AD12: Evaluation 24 | AE12: Evaluation 25 | AF12: Evaluation 26 | AG12: Evaluation 27 | AH12: Evaluation 28 | AI12: Evaluation 29 | AJ12: Evaluation 30 | AK12: Evaluation 31 | AL12: Evaluation 32 | AM12: Evaluation 33 | AN12: Evaluation 34 | AO12: Evaluation 35 | AP12: Evaluation 36 | AQ12: Evaluation 37 | AR12: Evaluation 38 | AS12: Evaluation 39 | AT12: Evaluation 40 | AU12: Evaluation 41 | AV12: Evaluation 42 | AW12: Evaluation 43 | AX12: Evaluation 44 | AY12: Evaluation 45 | AZ12: Evaluation 46 | BA12: Evaluation 47 | BB12: Evaluation 48 | BC12: Evaluation 49 | BD12: Evaluation 50 | BE12: Evaluation 51 | BF12: Evaluation 52 | BG12: Evaluation 53 | BH12: Evaluation 54 | BI12: Evaluation 55 | BJ12: Evaluation 56 | BK12: Evaluation 57 | BL12: Evaluation 58 | BM12: Evaluation 59 | BN12: Evaluation 60
B13: GRILLE D'ÉVALUATION DES APPELS ENTRANTS (AE)
B14: A. ÉVALUATION DU FOND (Pondération : 70% dans le Score Global)
B15: Ref | C15: Catégorie | D15: Critère d'évaluation | E15: Note | F15: Guide de notation / Barème
B16: F01 | C16: Fond | D16: L'agent cherche à mieux connaître le client (pose des questions sur son identité, sa situation et son besoin) | E16: =IFERROR(AVERAGE(G16:BN16),"") | F16: 10 : Recherche complète (identité, situation, besoin) 5 : Recherche incomplète 0 : Pas de recherche | G16: 10 | H16: 5 | I16: 10
B17: F02 | D17: L'agent ne déborde pas sur des sujets sans rapport avec la demande du client | E17: =IFERROR(AVERAGE(G17:BN17),"") | F17: 10 : Reste focalisé sur la demande 0 : Hors sujet ou bavardage inutile | G17: 5 | H17: 5 | J17: 10 | K17: 5
B18: F03 | D18: L'agent demande l'autorisation de collecter les informations personnelles de la relation (Sécurité/RGPD) | E18: =IFERROR(AVERAGE(G18:BN18),"") | F18: 10 : Demande systématique d'autorisation 0 : Pas de demande d'autorisation | G18: 10 | H18: 5
B19: F04 | D19: L'agent fournit au client des réponses claires et complètes à sa demande (Expertise) | E19: =IFERROR(AVERAGE(G19:BN19),"") | F19: 10 : Réponses complètes et correctes 0 : Réponse incomplète ou erronée | G19: 10 | H19: 0
B20: F05 | D20: La mise en attente du client est justifiée / n'est pas justifiée | E20: =IFERROR(AVERAGE(G20:BN20),"") | F20: 10 : Attente nécessaire et justifiée 0 : Attente abusive ou injustifiée | G20: 5 | H20: 5
B21: F06 | D21: L'agent propose au client des produits adaptés à son besoin (Rebond commercial) | E21: =IFERROR(AVERAGE(G21:BN21),"") | F21: 10 : Rebond commercial pertinent 0 : Pas de proposition ou rebond inadapté | G21: 10 | H21: 10
B22: F07 | D22: Orienter le client vers les solutions digitales (vidéos, tutoriels, etc.) | E22: =IFERROR(AVERAGE(G22:BN22),"") | F22: 10 : Proposition active des canaux digitaux 5 : Proposition timide ou partielle 0 : Pas d'orientation digitale | G22: 10 | H22: 10
B23: F08 | D23: L'agent respecte les procédures / prossessus d'Al Barid Bank (Conformité) | E23: =IFERROR(AVERAGE(G23:BN23),"") | F23: 10 : Procédures respectées de bout en bout 0 : Non-respect d'une procédure | G23: 10 | H23: 10
B24: F09 | D24: L'agent maîtrise les produits et services de la banque (Savoir-faire) | E24: =IFERROR(AVERAGE(G24:BN24),"") | F24: 10 : Maîtrise parfaite 5 : Hésitations ou besoin de recherche long 0 : Méconnaissance flagrante | G24: 10 | H24: 10
B25: F10 | D25: L'agent respecte le temps de communication (DMC) selon la demande du client | E25: =IFERROR(AVERAGE(G25:BN25),"") | F25: 10 : DMC optimale et maîtrisée 5 : Léger dépassement 0 : Traitement anormalement long | G25: 10 | H25: 5
B26: B. ÉVALUATION DE LA FORME (Pondération : 30% dans le Score Global)
B27: R01 | C27: Forme | D27: L'agent accueille le client avec la formule d’usage : « Al Barid Bank, Bonjour » | E27: =IFERROR(AVERAGE(G27:BN27),"") | F27: 10 : Accueil conforme 0 : Formule déformée ou manquante | G27: 10 | H27: 5 | I27: 10
B28: R02 | D28: L'agent se présente (Annonce son nom/prénom) X à votre service | E28: =IFERROR(AVERAGE(G28:BN28),"") | F28: 10 : Présentation conforme 0 : Présentation incomplète ou manquante | G28: 10 | H28: 0
B29: R03 | D29: L'agent écoute le client attentivement et sans l'interrompre | E29: =IFERROR(AVERAGE(G29:BN29),"") | F29: 10 : Écoute active et respectueuse 5 : Interruptions mineures 0 : Interruptions répétées | G29: 10 | H29: 10 | K29: 10
B30: R04 | D30: L'agent reformule la demande du client | E30: =IFERROR(AVERAGE(G30:BN30),"") | F30: 10 : Reformulation claire et précise 5 : Reformulation partielle ou peu claire 0 : Pas de reformulation | G30: 5
B31: R05 | D31: Pendant qu’il effectue des recherches sur écran, l'agent explique au client ce qu’il fait | E31: =IFERROR(AVERAGE(G31:BN31),"") | F31: 10 : Meuble l'attente en expliquant ses actions 0 : Silence radio durant les recherches | G31: 5
B32: R06 | D32: L'agent annonce au client qu'il va le mettre en attente | E32: =IFERROR(AVERAGE(G32:BN32),"") | F32: 10 : Annonce claire et polie 0 : Mise en attente sans prévenir | G32: 5
B33: R07 | D33: L'agent remercie le client de la mise en attente | E33: =IFERROR(AVERAGE(G33:BN33),"") | F33: 10 : Remerciements systématiques 0 : Pas de remerciements au retour d'attente | G33: 10
B34: R08 | D34: L'agent personnalise l’appel, appelle le client par son nom au moins deux fois | E34: =IFERROR(AVERAGE(G34:BN34),"") | F34: 10 : Nom utilisé au moins 2 fois 5 : Nom utilisé une seule fois 0 : Appel impersonnel | G34: 10
B35: R09 | D35: L'agent a une bonne élocution avec un discours positif et convaincant | E35: =IFERROR(AVERAGE(G35:BN35),"") | F35: 10 : Élocution fluide, vocabulaire pro et positif 5 : Élocution moyenne ou manque d'entrain 0 : Vocabulaire inadapté | G35: 10
B36: R10 | D36: L'agent adapte son discours au client | E36: =IFERROR(AVERAGE(G36:BN36),"") | F36: 10 : Parfaite synchronisation et adaptation au client 0 : Pas d'adaptation | G36: 10
B37: R11 | D37: L'agent s'exprime d'une manière respectueuse | E37: =IFERROR(AVERAGE(G37:BN37),"") | F37: 10 : Respect absolu du client 0 : Manque de respect | G37: 10
B38: R12 | D38: L'agent fait preuve de courtoisie et d'une attitude chaleureuse (Sourire audible, formules de politesse) | E38: =IFERROR(AVERAGE(G38:BN38),"") | F38: 10 : Sourire s'entendant au téléphone, bienveillance relationnelle et politesse irréprochable 5 : Ton poli mais froid 0 : Ton cassant ou manque de politesse | G38: 10
B39: R13 | D39: L'agent maîtrise le ton de sa voix, son débit et son rythme | E39: =IFERROR(AVERAGE(G39:BN39),"") | F39: 10 : Voix dynamique et posée, débit adapté 5 : Voix monocorde ou débit trop rapide/lent 0 : Ton agressif ou débit inintelligible | G39: 10
B40: R14 | D40: L’agent s'assure que le client dispose de toutes les informations avant de prendre congé | E40: =IFERROR(AVERAGE(G40:BN40),"") | F40: 10 : Validation de fin systématique 0 : Pas de validation | G40: 10 | J40: 10
B41: R15 | D41: L'agent utilise les formules d’usage pour les remerciements et les au-revoir | E41: =IFERROR(AVERAGE(G41:BN41),"") | F41: 10 : Formule de congé complète et polie 0 : Congé bâclé ou impoli | G41: 0
B42: Commentaires / Observations
B43: C. SYNTHÈSE DES SCORES DE L'APPEL ENTRANT (AE)
D44: Moyenne FOND (sur 100%) : | E44: =IFERROR(AVERAGEIFS(E16:E25,E16:E25,"<>N/A")/10,"") | G44: =IFERROR(AVERAGEIFS(G16:G25,G16:G25,"<>N/A")/10,"") | H44: =IFERROR(AVERAGEIFS(H16:H25,H16:H25,"<>N/A")/10,"") | I44: =IFERROR(AVERAGEIFS(I16:I25,I16:I25,"<>N/A")/10,"") | J44: =IFERROR(AVERAGEIFS(J16:J25,J16:J25,"<>N/A")/10,"") | K44: =IFERROR(AVERAGEIFS(K16:K25,K16:K25,"<>N/A")/10,"") | L44: =IFERROR(AVERAGEIFS(L16:L25,L16:L25,"<>N/A")/10,"") | M44: =IFERROR(AVERAGEIFS(M16:M25,M16:M25,"<>N/A")/10,"") | N44: =IFERROR(AVERAGEIFS(N16:N25,N16:N25,"<>N/A")/10,"") | ... BN44: =IFERROR(AVERAGEIFS(BN16:BN25,BN16:BN25,"<>N/A")/10,"")
D45: Moyenne FORME (sur 100%) : | E45: =IFERROR(AVERAGEIFS(E27:E41,E27:E41,"<>N/A")/10,"") | G45: =IFERROR(AVERAGEIFS(G27:G41,G27:G41,"<>N/A")/10,"") | H45: =IFERROR(AVERAGEIFS(H27:H41,H27:H41,"<>N/A")/10,"") | I45: =IFERROR(AVERAGEIFS(I27:I41,I27:I41,"<>N/A")/10,"") | J45: =IFERROR(AVERAGEIFS(J27:J41,J27:J41,"<>N/A")/10,"") | K45: =IFERROR(AVERAGEIFS(K27:K41,K27:K41,"<>N/A")/10,"") | L45: =IFERROR(AVERAGEIFS(L27:L41,L27:L41,"<>N/A")/10,"") | M45: =IFERROR(AVERAGEIFS(M27:M41,M27:M41,"<>N/A")/10,"") | N45: =IFERROR(AVERAGEIFS(N27:N41,N27:N41,"<>N/A")/10,"") | ... BN45: =IFERROR(AVERAGEIFS(BN27:BN41,BN27:BN41,"<>N/A")/10,"")
D46: SCORE GLOBAL PONDÉRÉ (70% Fond / 30% Forme) : | E46: =IF(OR(NOT(ISNUMBER(E44)),NOT(ISNUMBER(E45))),"",E44*0.7+E45*0.3) | G46: =IF(OR(NOT(ISNUMBER(G44)),NOT(ISNUMBER(G45))),"",G44*0.7+G45*0.3) | H46: =IF(OR(NOT(ISNUMBER(H44)),NOT(ISNUMBER(H45))),"",H44*0.7+H45*0.3) | I46: =IF(OR(NOT(ISNUMBER(I44)),NOT(ISNUMBER(I45))),"",I44*0.7+I45*0.3) | J46: =IF(OR(NOT(ISNUMBER(J44)),NOT(ISNUMBER(J45))),"",J44*0.7+J45*0.3) | K46: =IF(OR(NOT(ISNUMBER(K44)),NOT(ISNUMBER(K45))),"",K44*0.7+K45*0.3) | L46: =IF(OR(NOT(ISNUMBER(L44)),NOT(ISNUMBER(L45))),"",L44*0.7+L45*0.3) | M46: =IF(OR(NOT(ISNUMBER(M44)),NOT(ISNUMBER(M45))),"",M44*0.7+M45*0.3) | N46: =IF(OR(NOT(ISNUMBER(N44)),NOT(ISNUMBER(N45))),"",N44*0.7+N45*0.3) | ... BN46: =IF(OR(NOT(ISNUMBER(BN44)),NOT(ISNUMBER(BN45))),"",BN44*0.7+BN45*0.3)
D47: STATUT OBJECTIF : | E47: =IF(ISNUMBER(E46),IF(E46>='KPI Agents'!$E$5,"Objectif Atteint ✅","Non Atteint ❌"),"") | G47: =IF(ISNUMBER(G46),IF(G46>='KPI Agents'!$E$5,"Objectif Atteint ✅","Non Atteint ❌"),"") | H47: =IF(ISNUMBER(H46),IF(H46>='KPI Agents'!$E$5,"Objectif Atteint ✅","Non Atteint ❌"),"") | I47: =IF(ISNUMBER(I46),IF(I46>='KPI Agents'!$E$5,"Objectif Atteint ✅","Non Atteint ❌"),"") | J47: =IF(ISNUMBER(J46),IF(J46>='KPI Agents'!$E$5,"Objectif Atteint ✅","Non Atteint ❌"),"") | K47: =IF(ISNUMBER(K46),IF(K46>='KPI Agents'!$E$5,"Objectif Atteint ✅","Non Atteint ❌"),"") | L47: =IF(ISNUMBER(L46),IF(L46>='KPI Agents'!$E$5,"Objectif Atteint ✅","Non Atteint ❌"),"") | M47: =IF(ISNUMBER(M46),IF(M46>='KPI Agents'!$E$5,"Objectif Atteint ✅","Non Atteint ❌"),"") | N47: =IF(ISNUMBER(N46),IF(N46>='KPI Agents'!$E$5,"Objectif Atteint ✅","Non Atteint ❌"),"") | ... BN47: =IF(ISNUMBER(BN46),IF(BN46>='KPI Agents'!$E$5,"Objectif Atteint ✅","Non Atteint ❌"),"")
B48: PLAN D'ACTION ET AXES DE PROGRÈS DE L'AGENT
B49: Saisir ici les points forts, les axes d'amélioration identifiés et les actions d'accompagnement prévues (formations, écoutes côte à côte, coaching spécifique, etc.).

Sheet Objet&TYP
A1: AS | F1: AE
A2: Campagnes | F2: Demande d'information
A3: Demande de service | F3: Demande de service
A4: Réclamation | F4: Réclamation
A5: Tombola | F5: Suggestion
A6: Se faire rappeler
A8: Entrée en relation | F8: Monétique
A9: Monétique | F9: BBM
A10: BBM | F10: CC
A11: CC | F11: CEN
A12: CEN | F12: Qualité de service
A13: Qualité de service | F13: Crédits
A14: Crédits | F14: Transferts
A15: Transferts | F15: Bancassurance
A16: Bancassurance | F16: Autres
A17: Saltcl
A18: Autres

Sheet Grille AS
A2: GUIDE METHODOLOGIQUE DE L'EVALUATEUR | G2: AS
F3: Nom de l'Agent : | G3: Abdellah Bettioua
A4: 1. Choix de la Grille | B4: Selon le type d'appel à évaluer, rendez-vous sur l'onglet 'Grille AE' (Appel Entrant) ou 'Grille AS' (Appel Sortant). | F4: LOG Agent : | G4: =_xlfn.IFNA(VLOOKUP(G3,'LOG Agent'!$A:$B,2, FALSE), "") | H4: =_xlfn.IFNA(VLOOKUP(H3,'LOG Agent'!$A:$B,2, FALSE), "") | I4: =_xlfn.IFNA(VLOOKUP(I3,'LOG Agent'!$A:$B,2, FALSE), "") | J4: =_xlfn.IFNA(VLOOKUP(J3,'LOG Agent'!$A:$B,2, FALSE), "") | K4: =_xlfn.IFNA(VLOOKUP(K3,'LOG Agent'!$A:$B,2, FALSE), "") | L4: =_xlfn.IFNA(VLOOKUP(L3,'LOG Agent'!$A:$B,2, FALSE), "") | M4: =_xlfn.IFNA(VLOOKUP(M3,'LOG Agent'!$A:$B,2, FALSE), "") | N4: =_xlfn.IFNA(VLOOKUP(N3,'LOG Agent'!$A:$B,2, FALSE), "") | ... BN4: =_xlfn.IFNA(VLOOKUP(BN3,'LOG Agent'!$A:$B,2, FALSE), "")
A5: 2. Système de Notation | B5: Sélectionnez les notes (10, 5, 0, ou N/A) directement via les listes déroulantes de la colonne 'Note d'évaluation'. | F5: Date d'écoute : | G5: 46262
A6: 3. Règle de Neutralisation | B6: La valeur 'N/A' permet d'exclure un critère non applicable à l'appel sans impacter négativement la note globale de l'agent. | F6: Heure Début : | G6: 0.38194444
A7: 4. Pondération des Notes | B7: Les scores globaux sont pondérés à 70% sur le Fond (procédures, expertise) et 30% sur la Forme (comportement, courtoisie, voix). | F7: Heure Fin : | G7: 0.38541667
A8: 5. Plan d'Action | B8: En bas de chaque grille d'évaluation, renseignez les axes d'amélioration de l'agent pour assurer sa montée en compétences. | F8: Type d'écoute : | G8: Écoute à froid
F9: Typologie de l'appel : | G9: Réclamation
F10: Objet de l'appel : | G10: CC
F11: Autre à saisir :
B12: AL BARID BANK | G12: Evaluation 1 | H12: Evaluation 2 | I12: Evaluation 3 | J12: Evaluation 4 | K12: Evaluation 5 | L12: Evaluation 6 | M12: Evaluation 7 | N12: Evaluation 8 | O12: Evaluation 9 | P12: Evaluation 10 | Q12: Evaluation 11 | R12: Evaluation 12 | S12: Evaluation 13 | T12: Evaluation 14 | U12: Evaluation 15 | V12: Evaluation 16 | W12: Evaluation 17 | X12: Evaluation 18 | Y12: Evaluation 19 | Z12: Evaluation 20 | AA12: Evaluation 21 | AB12: Evaluation 22 | AC12: Evaluation 23 | AD12: Evaluation 24 | AE12: Evaluation 25 | AF12: Evaluation 26 | AG12: Evaluation 27 | AH12: Evaluation 28 | AI12: Evaluation 29 | AJ12: Evaluation 30 | AK12: Evaluation 31 | AL12: Evaluation 32 | AM12: Evaluation 33 | AN12: Evaluation 34 | AO12: Evaluation 35 | AP12: Evaluation 36 | AQ12: Evaluation 37 | AR12: Evaluation 38 | AS12: Evaluation 39 | AT12: Evaluation 40 | AU12: Evaluation 41 | AV12: Evaluation 42 | AW12: Evaluation 43 | AX12: Evaluation 44 | AY12: Evaluation 45 | AZ12: Evaluation 46 | BA12: Evaluation 47 | BB12: Evaluation 48 | BC12: Evaluation 49 | BD12: Evaluation 50 | BE12: Evaluation 51 | BF12: Evaluation 52 | BG12: Evaluation 53 | BH12: Evaluation 54 | BI12: Evaluation 55 | BJ12: Evaluation 56 | BK12: Evaluation 57 | BL12: Evaluation 58 | BM12: Evaluation 59 | BN12: Evaluation 60
B13: GRILLE D'ÉVALUATION DES APPELS SORTANTS (AS)
B14: A. ÉVALUATION DU FOND (Pondération : 70% dans le Score Global)
B15: Ref | C15: Catégorie | D15: Critère d'évaluation | E15: Note | F15: Guide de notation / Barème
B16: F01 | C16: Fond | D16: L'agent respecte le script (à renseigner en cas de campagnes) | E16: =IFERROR(AVERAGE(G16:BN16),"") | F16: 10 : Respect strict du script 0 : Non-respect du script | G16: 10
B17: F02 | D17: L'agent informe le client que l'appel est enregistré (Réglementaire) | E17: =IFERROR(AVERAGE(G17:BN17),"") | F17: 10 : Annonce faite au départ 0 : Annonce omise | G17: 10
B18: F03 | D18: L'agent respecte la procédure / processus (à renseigner en cas de demande de service) | E18: =IFERROR(AVERAGE(G18:BN18),"") | F18: 10 : Procédure parfaitement respectée 0 : Procédure non respectée | G18: 10
B19: F04 | D19: L'agent respecte la thématique de l'appel | E19: =IFERROR(AVERAGE(G19:BN19),"") | F19: 10 : Reste centré sur le sujet 0 : Déviation injustifiée | G19: 10
B20: F05 | D20: L'agent maîtrise les produits et services relatifs à la prestation objet de l'appel | E20: =IFERROR(AVERAGE(G20:BN20),"") | F20: 10 : Maîtrise parfaite 5 : Hésitations ou imprécisions 0 : Erreurs ou méconnaissance | G20: 10
B21: F06 | D21: En cas de demande hors contexte, l'agent propose la solution adéquate (Traitement / redirection CRC) | E21: =IFERROR(AVERAGE(G21:BN21),"") | F21: 10 : Orientation ou traitement conforme 0 : Refus de traitement ou mauvaise orientation | G21: 10
B22: F07 | D22: L'agent respecte le temps de communication (DMC) selon la demande du client | E22: =IFERROR(AVERAGE(G22:BN22),"") | F22: 10 : DMC optimale et maîtrisée 5 : Léger débordement 0 : Traitement anormalement long | G22: 10
B23: B. ÉVALUATION DE LA FORME (Pondération : 30% dans le Score Global)
B24: R01 | C24: Forme | D24: Salutations : Bonjour, je suis bien avec M/mme [Nom du client], je suis [Nom de l'agent] d’Al Barid Bank. | E24: =IFERROR(AVERAGE(G24:BN24),"") | F24: 10 : Salutations et présentation conformes 0 : Présentation manquante ou erronée | G24: 10
B25: R02 | D25: L'agent demande au client son accord / disponibilité avant de démarrer l'entretien | E25: =IFERROR(AVERAGE(G25:BN25),"") | F25: 10 : Disponibilité validée avec courtoisie 0 : Entretien démarré sans accord | G25: 10
B26: R03 | D26: L'agent personnalise l'appel, appelle le client par son nom au moins deux fois | E26: =IFERROR(AVERAGE(G26:BN26),"") | F26: 10 : Nom cité au moins 2 fois 5 : Nom cité une seule fois 0 : Pas de personnalisation | G26: 10
B27: R04 | D27: L'agent a une bonne élocution et s'exprime d'une manière respectueuse | E27: =IFERROR(AVERAGE(G27:BN27),"") | F27: 10 : Élocution fluide, vocabulaire respectueux 0 : Langage familier ou manque de respect | G27: 10
B28: R05 | D28: L'agent adapte son discours au client (Empathie / Ton) | E28: =IFERROR(AVERAGE(G28:BN28),"") | F28: 10 : Posture et langage adaptés au profil du client 0 : Discours rigide ou inadapté | G28: 10
B29: R06 | D29: L'agent fait preuve de courtoisie et d'une attitude chaleureuse (Sourire audible, formules de politesse) | E29: =IFERROR(AVERAGE(G29:BN29),"") | F29: 10 : Sourire s'entendant au téléphone, bienveillance relationnelle et politesse irréprochable 5 : Ton poli mais froid 0 : Ton cassant ou manque de politesse | G29: 10
B30: R07 | D30: L'agent maîtrise le ton de sa voix, son débit et son rythme | E30: =IFERROR(AVERAGE(G30:BN30),"") | F30: 10 : Voix dynamique et posée, débit adapté 5 : Débit trop rapide/lent ou voix monocorde 0 : Ton agressif ou inaudible | G30: 10
B31: R08 | D31: L'agent utilise les formules d’usage pour les remerciements et les au-revoir | E31: =IFERROR(AVERAGE(G31:BN31),"") | F31: 10 : Remerciements et prise de congé professionnels 0 : Congé bâclé ou impoli | G31: 10
B32: Commentaires / Observations
B33: C. SYNTHÈSE DES SCORES DE L'APPEL SORTANT (AS)
D34: Moyenne FOND (sur 100%) : | E34: =IFERROR(AVERAGEIFS(E16:E22,E16:E22,"<>N/A")/10,"") | G34: =IFERROR(AVERAGEIFS(G16:G22,G16:G22,"<>N/A")/10,"") | H34: =IFERROR(AVERAGEIFS(H16:H22,H16:H22,"<>N/A")/10,"") | I34: =IFERROR(AVERAGEIFS(I16:I22,I16:I22,"<>N/A")/10,"") | J34: =IFERROR(AVERAGEIFS(J16:J22,J16:J22,"<>N/A")/10,"") | K34: =IFERROR(AVERAGEIFS(K16:K22,K16:K22,"<>N/A")/10,"") | L34: =IFERROR(AVERAGEIFS(L16:L22,L16:L22,"<>N/A")/10,"") | M34: =IFERROR(AVERAGEIFS(M16:M22,M16:M22,"<>N/A")/10,"") | N34: =IFERROR(AVERAGEIFS(N16:N22,N16:N22,"<>N/A")/10,"") | ... BN34: =IFERROR(AVERAGEIFS(BN16:BN22,BN16:BN22,"<>N/A")/10,"")
D35: Moyenne FORME (sur 100%) : | E35: =IFERROR(AVERAGEIFS(E24:E31,E24:E31,"<>N/A")/10,"") | G35: =IFERROR(AVERAGEIFS(G24:G31,G24:G31,"<>N/A")/10,"") | H35: =IFERROR(AVERAGEIFS(H24:H31,H24:H31,"<>N/A")/10,"") | I35: =IFERROR(AVERAGEIFS(I24:I31,I24:I31,"<>N/A")/10,"") | J35: =IFERROR(AVERAGEIFS(J24:J31,J24:J31,"<>N/A")/10,"") | K35: =IFERROR(AVERAGEIFS(K24:K31,K24:K31,"<>N/A")/10,"") | L35: =IFERROR(AVERAGEIFS(L24:L31,L24:L31,"<>N/A")/10,"") | M35: =IFERROR(AVERAGEIFS(M24:M31,M24:M31,"<>N/A")/10,"") | N35: =IFERROR(AVERAGEIFS(N24:N31,N24:N31,"<>N/A")/10,"") | ... BN35: =IFERROR(AVERAGEIFS(BN24:BN31,BN24:BN31,"<>N/A")/10,"")
D36: SCORE GLOBAL PONDÉRÉ (70% Fond / 30% Forme) : | E36: =IF(OR(NOT(ISNUMBER(E34)),NOT(ISNUMBER(E35))),"",E34*0.7+E35*0.3) | G36: =IF(OR(NOT(ISNUMBER(G34)),NOT(ISNUMBER(G35))),"",G34*0.7+G35*0.3) | H36: =IF(OR(NOT(ISNUMBER(H34)),NOT(ISNUMBER(H35))),"",H34*0.7+H35*0.3) | I36: =IF(OR(NOT(ISNUMBER(I34)),NOT(ISNUMBER(I35))),"",I34*0.7+I35*0.3) | J36: =IF(OR(NOT(ISNUMBER(J34)),NOT(ISNUMBER(J35))),"",J34*0.7+J35*0.3) | K36: =IF(OR(NOT(ISNUMBER(K34)),NOT(ISNUMBER(K35))),"",K34*0.7+K35*0.3) | L36: =IF(OR(NOT(ISNUMBER(L34)),NOT(ISNUMBER(L35))),"",L34*0.7+L35*0.3) | M36: =IF(OR(NOT(ISNUMBER(M34)),NOT(ISNUMBER(M35))),"",M34*0.7+M35*0.3) | N36: =IF(OR(NOT(ISNUMBER(N34)),NOT(ISNUMBER(N35))),"",N34*0.7+N35*0.3) | ... BN36: =IF(OR(NOT(ISNUMBER(BN34)),NOT(ISNUMBER(BN35))),"",BN34*0.7+BN35*0.3)
D37: STATUT OBJECTIF : | E37: =IF(ISNUMBER(E36),IF(E36>='KPI Agents'!$E$5,"Objectif Atteint ✅","Non Atteint ❌"),"") | G37: =IF(ISNUMBER(G36),IF(G36>='KPI Agents'!$E$5,"Objectif Atteint ✅","Non Atteint ❌"),"") | H37: =IF(ISNUMBER(H36),IF(H36>='KPI Agents'!$E$5,"Objectif Atteint ✅","Non Atteint ❌"),"") | I37: =IF(ISNUMBER(I36),IF(I36>='KPI Agents'!$E$5,"Objectif Atteint ✅","Non Atteint ❌"),"") | J37: =IF(ISNUMBER(J36),IF(J36>='KPI Agents'!$E$5,"Objectif Atteint ✅","Non Atteint ❌"),"") | K37: =IF(ISNUMBER(K36),IF(K36>='KPI Agents'!$E$5,"Objectif Atteint ✅","Non Atteint ❌"),"") | L37: =IF(ISNUMBER(L36),IF(L36>='KPI Agents'!$E$5,"Objectif Atteint ✅","Non Atteint ❌"),"") | M37: =IF(ISNUMBER(M36),IF(M36>='KPI Agents'!$E$5,"Objectif Atteint ✅","Non Atteint ❌"),"") | N37: =IF(ISNUMBER(N36),IF(N36>='KPI Agents'!$E$5,"Objectif Atteint ✅","Non Atteint ❌"),"") | ... BN37: =IF(ISNUMBER(BN36),IF(BN36>='KPI Agents'!$E$5,"Objectif Atteint ✅","Non Atteint ❌"),"")
B38: PLAN D'ACTION ET AXES DE PROGRÈS DE L'AGENT
B39: Saisir ici les points forts, les axes d'amélioration identifiés et les actions d'accompagnement prévues (formations, écoutes côte à côte, coaching spécifique, etc.).

Sheet LOG Agent
A1: Nom & Prénom | B1: Log HERMES
A2: Abdelaadim Codry | B2: 3085
A3: Abdellah Bettioua | B3: 3025
A4: ANAS DAHIBI | B4: 3515
A5: ANOUD OMAR | B5: 3485
A6: AYACHY YOUSSEF | B6: 3498
A7: Aymen Gozar | B7: 3034
A8: BATTAL SALMA | B8: 3071
A9: BEGGALI NOUR EL HOUDA | B9: 3448
A10: BOUIMZGANE YASSER | B10: 3494
A11: BOURBAH AMINA | B11: 3487
A12: CHAMCHATI Hajar | B12: 3036
A13: CHERRABI YOUSSEF | B13: 3451
... A52: ZOUIANE OUSSAMA | B52: 3484

Sheet Historique AE AS
A1: HISTORIQUE DES ÉVALUATIONS AE / AS
A2: Feuille 100 % calculée — aucune saisie ici. Chaque ligne reflète une colonne d'évaluation des onglets « Grille AE » et « Grille AS » ; elle se remplit dès qu'un nom d'agent est choisi dans la grille correspondante.
A3: Date d'écoute | B3: Nom de l'Agent | C3: LOG Agent | D3: Type d'appel | E3: Objet de l'appel | F3: DMC (min) | G3: Moyenne Fond | H3: Moyenne Forme | I3: Score Global | J3: Statut | K3: Semaine | L3: Année | M3: Source | N3: Colonne Audit | O3: Typologie de l'appel | P3: Type d'écoute | Q3: Critères renseignés | R3: Complétude | S3: Audit exploitable | T3: Mois
A4: =IF(OR(INDEX('Grille AE'!$G$3:$BN$3,1,1)="",INDEX('Grille AE'!$G$5:$BN$5,1,1)=""),"",INDEX('Grille AE'!$G$5:$BN$5,1,1)) | B4: =IFERROR(IF(INDEX('Grille AE'!$G$3:$BN$3,1,1)="","",INDEX('Grille AE'!$G$3:$BN$3,1,1)),"") | C4: =IF($B4="","",IFERROR(INDEX('Grille AE'!$G$4:$BN$4,1,1),"")) | D4: =IF($B4="","","AE") | E4: =IF($B4="","",IF(INDEX('Grille AE'!$G$10:$BN$10,1,1)="","",INDEX('Grille AE'!$G$10:$BN$10,1,1))) | F4: =IF($B4="","",IF(OR(INDEX('Grille AE'!$G$6:$BN$6,1,1)="",INDEX('Grille AE'!$G$7:$BN$7,1,1)=""),"",ROUND(MOD(INDEX('Grille AE'!$G$7:$BN$7,1,1)-INDEX('Grille AE'!$G$6:$BN$6,1,1),1)*1440,0))) | G4: =IF($B4="","",IFERROR(INDEX('Grille AE'!$G$44:$BN$44,1,1),"")) | H4: =IF($B4="","",IFERROR(INDEX('Grille AE'!$G$45:$BN$45,1,1),"")) | I4: =IF($B4="","",IFERROR(INDEX('Grille AE'!$G$46:$BN$46,1,1),"")) | J4: =IF(NOT(ISNUMBER($I4)),"",IF($I4>='KPI Agents'!$E$5,"Objectif Atteint","Non Atteint")) | K4: =IF(NOT(ISNUMBER($A4)),"",_xlfn.ISOWEEKNUM($A4)) | L4: =IF(NOT(ISNUMBER($A4)),"",YEAR($A4)) | M4: =IF($B4="","","Grille AE") | N4: =IF($B4="","",SUBSTITUTE(ADDRESS(1,6+1,4),"1","")) | O4: =IF($B4="","",IF(INDEX('Grille AE'!$G$9:$BN$9,1,1)="","",INDEX('Grille AE'!$G$9:$BN$9,1,1))) | P4: =IF($B4="","",IF(INDEX('Grille AE'!$G$8:$BN$8,1,1)="","",INDEX('Grille AE'!$G$8:$BN$8,1,1))) | Q4: =IF($B4="","",COUNTA(INDEX('Grille AE'!$G$16:$BN$25,1,1):INDEX('Grille AE'!$G$16:$BN$25,10,1))+COUNTA(INDEX('Grille AE'!$G$27:$BN$41,1,1):INDEX('Grille AE'!$G$27:$BN$41,15,1))) | R4: =IF(NOT(ISNUMBER($Q4)),"",$Q4/25) | S4: =IF(NOT(ISNUMBER($R4)),"",IF($R4>='KPI Agents'!$F$5,"Oui","Non")) | T4: =IF(NOT(ISNUMBER($A4)),"",MONTH($A4))
A5: =IF(OR(INDEX('Grille AE'!$G$3:$BN$3,1,2)="",INDEX('Grille AE'!$G$5:$BN$5,1,2)=""),"",INDEX('Grille AE'!$G$5:$BN$5,1,2)) | B5: =IFERROR(IF(INDEX('Grille AE'!$G$3:$BN$3,1,2)="","",INDEX('Grille AE'!$G$3:$BN$3,1,2)),"") | C5: =IF($B5="","",IFERROR(INDEX('Grille AE'!$G$4:$BN$4,1,2),"")) | D5: =IF($B5="","","AE") | E5: =IF($B5="","",IF(INDEX('Grille AE'!$G$10:$BN$10,1,2)="","",INDEX('Grille AE'!$G$10:$BN$10,1,2))) | F5: =IF($B5="","",IF(OR(INDEX('Grille AE'!$G$6:$BN$6,1,2)="",INDEX('Grille AE'!$G$7:$BN$7,1,2)=""),"",ROUND(MOD(INDEX('Grille AE'!$G$7:$BN$7,1,2)-INDEX('Grille AE'!$G$6:$BN$6,1,2),1)*1440,0))) | G5: =IF($B5="","",IFERROR(INDEX('Grille AE'!$G$44:$BN$44,1,2),"")) | H5: =IF($B5="","",IFERROR(INDEX('Grille AE'!$G$45:$BN$45,1,2),"")) | I5: =IF($B5="","",IFERROR(INDEX('Grille AE'!$G$46:$BN$46,1,2),"")) | J5: =IF(NOT(ISNUMBER($I5)),"",IF($I5>='KPI Agents'!$E$5,"Objectif Atteint","Non Atteint")) | K5: =IF(NOT(ISNUMBER($A5)),"",_xlfn.ISOWEEKNUM($A5)) | L5: =IF(NOT(ISNUMBER($A5)),"",YEAR($A5)) | M5: =IF($B5="","","Grille AE") | N5: =IF($B5="","",SUBSTITUTE(ADDRESS(1,6+2,4),"1","")) | O5: =IF($B5="","",IF(INDEX('Grille AE'!$G$9:$BN$9,1,2)="","",INDEX('Grille AE'!$G$9:$BN$9,1,2))) | P5: =IF($B5="","",IF(INDEX('Grille AE'!$G$8:$BN$8,1,2)="","",INDEX('Grille AE'!$G$8:$BN$8,1,2))) | Q5: =IF($B5="","",COUNTA(INDEX('Grille AE'!$G$16:$BN$25,1,2):INDEX('Grille AE'!$G$16:$BN$25,10,2))+COUNTA(INDEX('Grille AE'!$G$27:$BN$41,1,2):INDEX('Grille AE'!$G$27:$BN$41,15,2))) | R5: =IF(NOT(ISNUMBER($Q5)),"",$Q5/25) | S5: =IF(NOT(ISNUMBER($R5)),"",IF($R5>='KPI Agents'!$F$5,"Oui","Non")) | T5: =IF(NOT(ISNUMBER($A5)),"",MONTH($A5))
A6: =IF(OR(INDEX('Grille AE'!$G$3:$BN$3,1,3)="",INDEX('Grille AE'!$G$5:$BN$5,1,3)=""),"",INDEX('Grille AE'!$G$5:$BN$5,1,3)) | B6: =IFERROR(IF(INDEX('Grille AE'!$G$3:$BN$3,1,3)="","",INDEX('Grille AE'!$G$3:$BN$3,1,3)),"") | C6: =IF($B6="","",IFERROR(INDEX('Grille AE'!$G$4:$BN$4,1,3),"")) | D6: =IF($B6="","","AE") | E6: =IF($B6="","",IF(INDEX('Grille AE'!$G$10:$BN$10,1,3)="","",INDEX('Grille AE'!$G$10:$BN$10,1,3))) | F6: =IF($B6="","",IF(OR(INDEX('Grille AE'!$G$6:$BN$6,1,3)="",INDEX('Grille AE'!$G$7:$BN$7,1,3)=""),"",ROUND(MOD(INDEX('Grille AE'!$G$7:$BN$7,1,3)-INDEX('Grille AE'!$G$6:$BN$6,1,3),1)*1440,0))) | G6: =IF($B6="","",IFERROR(INDEX('Grille AE'!$G$44:$BN$44,1,3),"")) | H6: =IF($B6="","",IFERROR(INDEX('Grille AE'!$G$45:$BN$45,1,3),"")) | I6: =IF($B6="","",IFERROR(INDEX('Grille AE'!$G$46:$BN$46,1,3),"")) | J6: =IF(NOT(ISNUMBER($I6)),"",IF($I6>='KPI Agents'!$E$5,"Objectif Atteint","Non Atteint")) | K6: =IF(NOT(ISNUMBER($A6)),"",_xlfn.ISOWEEKNUM($A6)) | L6: =IF(NOT(ISNUMBER($A6)),"",YEAR($A6)) | M6: =IF($B6="","","Grille AE") | N6: =IF($B6="","",SUBSTITUTE(ADDRESS(1,6+3,4),"1","")) | O6: =IF($B6="","",IF(INDEX('Grille AE'!$G$9:$BN$9,1,3)="","",INDEX('Grille AE'!$G$9:$BN$9,1,3))) | P6: =IF($B6="","",IF(INDEX('Grille AE'!$G$8:$BN$8,1,3)="","",INDEX('Grille AE'!$G$8:$BN$8,1,3))) | Q6: =IF($B6="","",COUNTA(INDEX('Grille AE'!$G$16:$BN$25,1,3):INDEX('Grille AE'!$G$16:$BN$25,10,3))+COUNTA(INDEX('Grille AE'!$G$27:$BN$41,1,3):INDEX('Grille AE'!$G$27:$BN$41,15,3))) | R6: =IF(NOT(ISNUMBER($Q6)),"",$Q6/25) | S6: =IF(NOT(ISNUMBER($R6)),"",IF($R6>='KPI Agents'!$F$5,"Oui","Non")) | T6: =IF(NOT(ISNUMBER($A6)),"",MONTH($A6))
A7: =IF(OR(INDEX('Grille AE'!$G$3:$BN$3,1,4)="",INDEX('Grille AE'!$G$5:$BN$5,1,4)=""),"",INDEX('Grille AE'!$G$5:$BN$5,1,4)) | B7: =IFERROR(IF(INDEX('Grille AE'!$G$3:$BN$3,1,4)="","",INDEX('Grille AE'!$G$3:$BN$3,1,4)),"") | C7: =IF($B7="","",IFERROR(INDEX('Grille AE'!$G$4:$BN$4,1,4),"")) | D7: =IF($B7="","","AE") | E7: =IF($B7="","",IF(INDEX('Grille AE'!$G$10:$BN$10,1,4)="","",INDEX('Grille AE'!$G$10:$BN$10,1,4))) | F7: =IF($B7="","",IF(OR(INDEX('Grille AE'!$G$6:$BN$6,1,4)="",INDEX('Grille AE'!$G$7:$BN$7,1,4)=""),"",ROUND(MOD(INDEX('Grille AE'!$G$7:$BN$7,1,4)-INDEX('Grille AE'!$G$6:$BN$6,1,4),1)*1440,0))) | G7: =IF($B7="","",IFERROR(INDEX('Grille AE'!$G$44:$BN$44,1,4),"")) | H7: =IF($B7="","",IFERROR(INDEX('Grille AE'!$G$45:$BN$45,1,4),"")) | I7: =IF($B7="","",IFERROR(INDEX('Grille AE'!$G$46:$BN$46,1,4),"")) | J7: =IF(NOT(ISNUMBER($I7)),"",IF($I7>='KPI Agents'!$E$5,"Objectif Atteint","Non Atteint")) | K7: =IF(NOT(ISNUMBER($A7)),"",_xlfn.ISOWEEKNUM($A7)) | L7: =IF(NOT(ISNUMBER($A7)),"",YEAR($A7)) | M7: =IF($B7="","","Grille AE") | N7: =IF($B7="","",SUBSTITUTE(ADDRESS(1,6+4,4),"1","")) | O7: =IF($B7="","",IF(INDEX('Grille AE'!$G$9:$BN$9,1,4)="","",INDEX('Grille AE'!$G$9:$BN$9,1,4))) | P7: =IF($B7="","",IF(INDEX('Grille AE'!$G$8:$BN$8,1,4)="","",INDEX('Grille AE'!$G$8:$BN$8,1,4))) | Q7: =IF($B7="","",COUNTA(INDEX('Grille AE'!$G$16:$BN$25,1,4):INDEX('Grille AE'!$G$16:$BN$25,10,4))+COUNTA(INDEX('Grille AE'!$G$27:$BN$41,1,4):INDEX('Grille AE'!$G$27:$BN$41,15,4))) | R7: =IF(NOT(ISNUMBER($Q7)),"",$Q7/25) | S7: =IF(NOT(ISNUMBER($R7)),"",IF($R7>='KPI Agents'!$F$5,"Oui","Non")) | T7: =IF(NOT(ISNUMBER($A7)),"",MONTH($A7))
A8: =IF(OR(INDEX('Grille AE'!$G$3:$BN$3,1,5)="",INDEX('Grille AE'!$G$5:$BN$5,1,5)=""),"",INDEX('Grille AE'!$G$5:$BN$5,1,5)) | B8: =IFERROR(IF(INDEX('Grille AE'!$G$3:$BN$3,1,5)="","",INDEX('Grille AE'!$G$3:$BN$3,1,5)),"") | C8: =IF($B8="","",IFERROR(INDEX('Grille AE'!$G$4:$BN$4,1,5),"")) | D8: =IF($B8="","","AE") | E8: =IF($B8="","",IF(INDEX('Grille AE'!$G$10:$BN$10,1,5)="","",INDEX('Grille AE'!$G$10:$BN$10,1,5))) | F8: =IF($B8="","",IF(OR(INDEX('Grille AE'!$G$6:$BN$6,1,5)="",INDEX('Grille AE'!$G$7:$BN$7,1,5)=""),"",ROUND(MOD(INDEX('Grille AE'!$G$7:$BN$7,1,5)-INDEX('Grille AE'!$G$6:$BN$6,1,5),1)*1440,0))) | G8: =IF($B8="","",IFERROR(INDEX('Grille AE'!$G$44:$BN$44,1,5),"")) | H8: =IF($B8="","",IFERROR(INDEX('Grille AE'!$G$45:$BN$45,1,5),"")) | I8: =IF($B8="","",IFERROR(INDEX('Grille AE'!$G$46:$BN$46,1,5),"")) | J8: =IF(NOT(ISNUMBER($I8)),"",IF($I8>='KPI Agents'!$E$5,"Objectif Atteint","Non Atteint")) | K8: =IF(NOT(ISNUMBER($A8)),"",_xlfn.ISOWEEKNUM($A8)) | L8: =IF(NOT(ISNUMBER($A8)),"",YEAR($A8)) | M8: =IF($B8="","","Grille AE") | N8: =IF($B8="","",SUBSTITUTE(ADDRESS(1,6+5,4),"1","")) | O8: =IF($B8="","",IF(INDEX('Grille AE'!$G$9:$BN$9,1,5)="","",INDEX('Grille AE'!$G$9:$BN$9,1,5))) | P8: =IF($B8="","",IF(INDEX('Grille AE'!$G$8:$BN$8,1,5)="","",INDEX('Grille AE'!$G$8:$BN$8,1,5))) | Q8: =IF($B8="","",COUNTA(INDEX('Grille AE'!$G$16:$BN$25,1,5):INDEX('Grille AE'!$G$16:$BN$25,10,5))+COUNTA(INDEX('Grille AE'!$G$27:$BN$41,1,5):INDEX('Grille AE'!$G$27:$BN$41,15,5))) | R8: =IF(NOT(ISNUMBER($Q8)),"",$Q8/25) | S8: =IF(NOT(ISNUMBER($R8)),"",IF($R8>='KPI Agents'!$F$5,"Oui","Non")) | T8: =IF(NOT(ISNUMBER($A8)),"",MONTH($A8))
A9: =IF(OR(INDEX('Grille AE'!$G$3:$BN$3,1,6)="",INDEX('Grille AE'!$G$5:$BN$5,1,6)=""),"",INDEX('Grille AE'!$G$5:$BN$5,1,6)) | B9: =IFERROR(IF(INDEX('Grille AE'!$G$3:$BN$3,1,6)="","",INDEX('Grille AE'!$G$3:$BN$3,1,6)),"") | C9: =IF($B9="","",IFERROR(INDEX('Grille AE'!$G$4:$BN$4,1,6),"")) | D9: =IF($B9="","","AE") | E9: =IF($B9="","",IF(INDEX('Grille AE'!$G$10:$BN$10,1,6)="","",INDEX('Grille AE'!$G$10:$BN$10,1,6))) | F9: =IF($B9="","",IF(OR(INDEX('Grille AE'!$G$6:$BN$6,1,6)="",INDEX('Grille AE'!$G$7:$BN$7,1,6)=""),"",ROUND(MOD(INDEX('Grille AE'!$G$7:$BN$7,1,6)-INDEX('Grille AE'!$G$6:$BN$6,1,6),1)*1440,0))) | G9: =IF($B9="","",IFERROR(INDEX('Grille AE'!$G$44:$BN$44,1,6),"")) | H9: =IF($B9="","",IFERROR(INDEX('Grille AE'!$G$45:$BN$45,1,6),"")) | I9: =IF($B9="","",IFERROR(INDEX('Grille AE'!$G$46:$BN$46,1,6),"")) | J9: =IF(NOT(ISNUMBER($I9)),"",IF($I9>='KPI Agents'!$E$5,"Objectif Atteint","Non Atteint")) | K9: =IF(NOT(ISNUMBER($A9)),"",_xlfn.ISOWEEKNUM($A9)) | L9: =IF(NOT(ISNUMBER($A9)),"",YEAR($A9)) | M9: =IF($B9="","","Grille AE") | N9: =IF($B9="","",SUBSTITUTE(ADDRESS(1,6+6,4),"1","")) | O9: =IF($B9="","",IF(INDEX('Grille AE'!$G$9:$BN$9,1,6)="","",INDEX('Grille AE'!$G$9:$BN$9,1,6))) | P9: =IF($B9="","",IF(INDEX('Grille AE'!$G$8:$BN$8,1,6)="","",INDEX('Grille AE'!$G$8:$BN$8,1,6))) | Q9: =IF($B9="","",COUNTA(INDEX('Grille AE'!$G$16:$BN$25,1,6):INDEX('Grille AE'!$G$16:$BN$25,10,6))+COUNTA(INDEX('Grille AE'!$G$27:$BN$41,1,6):INDEX('Grille AE'!$G$27:$BN$41,15,6))) | R9: =IF(NOT(ISNUMBER($Q9)),"",$Q9/25) | S9: =IF(NOT(ISNUMBER($R9)),"",IF($R9>='KPI Agents'!$F$5,"Oui","Non")) | T9: =IF(NOT(ISNUMBER($A9)),"",MONTH($A9))
A10: =IF(OR(INDEX('Grille AE'!$G$3:$BN$3,1,7)="",INDEX('Grille AE'!$G$5:$BN$5,1,7)=""),"",INDEX('Grille AE'!$G$5:$BN$5,1,7)) | B10: =IFERROR(IF(INDEX('Grille AE'!$G$3:$BN$3,1,7)="","",INDEX('Grille AE'!$G$3:$BN$3,1,7)),"") | C10: =IF($B10="","",IFERROR(INDEX('Grille AE'!$G$4:$BN$4,1,7),"")) | D10: =IF($B10="","","AE") | E10: =IF($B10="","",IF(INDEX('Grille AE'!$G$10:$BN$10,1,7)="","",INDEX('Grille AE'!$G$10:$BN$10,1,7))) | F10: =IF($B10="","",IF(OR(INDEX('Grille AE'!$G$6:$BN$6,1,7)="",INDEX('Grille AE'!$G$7:$BN$7,1,7)=""),"",ROUND(MOD(INDEX('Grille AE'!$G$7:$BN$7,1,7)-INDEX('Grille AE'!$G$6:$BN$6,1,7),1)*1440,0))) | G10: =IF($B10="","",IFERROR(INDEX('Grille AE'!$G$44:$BN$44,1,7),"")) | H10: =IF($B10="","",IFERROR(INDEX('Grille AE'!$G$45:$BN$45,1,7),"")) | I10: =IF($B10="","",IFERROR(INDEX('Grille AE'!$G$46:$BN$46,1,7),"")) | J10: =IF(NOT(ISNUMBER($I10)),"",IF($I10>='KPI Agents'!$E$5,"Objectif Atteint","Non Atteint")) | K10: =IF(NOT(ISNUMBER($A10)),"",_xlfn.ISOWEEKNUM($A10)) | L10: =IF(NOT(ISNUMBER($A10)),"",YEAR($A10)) | M10: =IF($B10="","","Grille AE") | N10: =IF($B10="","",SUBSTITUTE(ADDRESS(1,6+7,4),"1","")) | O10: =IF($B10="","",IF(INDEX('Grille AE'!$G$9:$BN$9,1,7)="","",INDEX('Grille AE'!$G$9:$BN$9,1,7))) | P10: =IF($B10="","",IF(INDEX('Grille AE'!$G$8:$BN$8,1,7)="","",INDEX('Grille AE'!$G$8:$BN$8,1,7))) | Q10: =IF($B10="","",COUNTA(INDEX('Grille AE'!$G$16:$BN$25,1,7):INDEX('Grille AE'!$G$16:$BN$25,10,7))+COUNTA(INDEX('Grille AE'!$G$27:$BN$41,1,7):INDEX('Grille AE'!$G$27:$BN$41,15,7))) | R10: =IF(NOT(ISNUMBER($Q10)),"",$Q10/25) | S10: =IF(NOT(ISNUMBER($R10)),"",IF($R10>='KPI Agents'!$F$5,"Oui","Non")) | T10: =IF(NOT(ISNUMBER($A10)),"",MONTH($A10))
A11: =IF(OR(INDEX('Grille AE'!$G$3:$BN$3,1,8)="",INDEX('Grille AE'!$G$5:$BN$5,1,8)=""),"",INDEX('Grille AE'!$G$5:$BN$5,1,8)) | B11: =IFERROR(IF(INDEX('Grille AE'!$G$3:$BN$3,1,8)="","",INDEX('Grille AE'!$G$3:$BN$3,1,8)),"") | C11: =IF($B11="","",IFERROR(INDEX('Grille AE'!$G$4:$BN$4,1,8),"")) | D11: =IF($B11="","","AE") | E11: =IF($B11="","",IF(INDEX('Grille AE'!$G$10:$BN$10,1,8)="","",INDEX('Grille AE'!$G$10:$BN$10,1,8))) | F11: =IF($B11="","",IF(OR(INDEX('Grille AE'!$G$6:$BN$6,1,8)="",INDEX('Grille AE'!$G$7:$BN$7,1,8)=""),"",ROUND(MOD(INDEX('Grille AE'!$G$7:$BN$7,1,8)-INDEX('Grille AE'!$G$6:$BN$6,1,8),1)*1440,0))) | G11: =IF($B11="","",IFERROR(INDEX('Grille AE'!$G$44:$BN$44,1,8),"")) | H11: =IF($B11="","",IFERROR(INDEX('Grille AE'!$G$45:$BN$45,1,8),"")) | I11: =IF($B11="","",IFERROR(INDEX('Grille AE'!$G$46:$BN$46,1,8),"")) | J11: =IF(NOT(ISNUMBER($I11)),"",IF($I11>='KPI Agents'!$E$5,"Objectif Atteint","Non Atteint")) | K11: =IF(NOT(ISNUMBER($A11)),"",_xlfn.ISOWEEKNUM($A11)) | L11: =IF(NOT(ISNUMBER($A11)),"",YEAR($A11)) | M11: =IF($B11="","","Grille AE") | N11: =IF($B11="","",SUBSTITUTE(ADDRESS(1,6+8,4),"1","")) | O11: =IF($B11="","",IF(INDEX('Grille AE'!$G$9:$BN$9,1,8)="","",INDEX('Grille AE'!$G$9:$BN$9,1,8))) | P11: =IF($B11="","",IF(INDEX('Grille AE'!$G$8:$BN$8,1,8)="","",INDEX('Grille AE'!$G$8:$BN$8,1,8))) | Q11: =IF($B11="","",COUNTA(INDEX('Grille AE'!$G$16:$BN$25,1,8):INDEX('Grille AE'!$G$16:$BN$25,10,8))+COUNTA(INDEX('Grille AE'!$G$27:$BN$41,1,8):INDEX('Grille AE'!$G$27:$BN$41,15,8))) | R11: =IF(NOT(ISNUMBER($Q11)),"",$Q11/25) | S11: =IF(NOT(ISNUMBER($R11)),"",IF($R11>='KPI Agents'!$F$5,"Oui","Non")) | T11: =IF(NOT(ISNUMBER($A11)),"",MONTH($A11))
A12: =IF(OR(INDEX('Grille AE'!$G$3:$BN$3,1,9)="",INDEX('Grille AE'!$G$5:$BN$5,1,9)=""),"",INDEX('Grille AE'!$G$5:$BN$5,1,9)) | B12: =IFERROR(IF(INDEX('Grille AE'!$G$3:$BN$3,1,9)="","",INDEX('Grille AE'!$G$3:$BN$3,1,9)),"") | C12: =IF($B12="","",IFERROR(INDEX('Grille AE'!$G$4:$BN$4,1,9),"")) | D12: =IF($B12="","","AE") | E12: =IF($B12="","",IF(INDEX('Grille AE'!$G$10:$BN$10,1,9)="","",INDEX('Grille AE'!$G$10:$BN$10,1,9))) | F12: =IF($B12="","",IF(OR(INDEX('Grille AE'!$G$6:$BN$6,1,9)="",INDEX('Grille AE'!$G$7:$BN$7,1,9)=""),"",ROUND(MOD(INDEX('Grille AE'!$G$7:$BN$7,1,9)-INDEX('Grille AE'!$G$6:$BN$6,1,9),1)*1440,0))) | G12: =IF($B12="","",IFERROR(INDEX('Grille AE'!$G$44:$BN$44,1,9),"")) | H12: =IF($B12="","",IFERROR(INDEX('Grille AE'!$G$45:$BN$45,1,9),"")) | I12: =IF($B12="","",IFERROR(INDEX('Grille AE'!$G$46:$BN$46,1,9),"")) | J12: =IF(NOT(ISNUMBER($I12)),"",IF($I12>='KPI Agents'!$E$5,"Objectif Atteint","Non Atteint")) | K12: =IF(NOT(ISNUMBER($A12)),"",_xlfn.ISOWEEKNUM($A12)) | L12: =IF(NOT(ISNUMBER($A12)),"",YEAR($A12)) | M12: =IF($B12="","","Grille AE") | N12: =IF($B12="","",SUBSTITUTE(ADDRESS(1,6+9,4),"1","")) | O12: =IF($B12="","",IF(INDEX('Grille AE'!$G$9:$BN$9,1,9)="","",INDEX('Grille AE'!$G$9:$BN$9,1,9))) | P12: =IF($B12="","",IF(INDEX('Grille AE'!$G$8:$BN$8,1,9)="","",INDEX('Grille AE'!$G$8:$BN$8,1,9))) | Q12: =IF($B12="","",COUNTA(INDEX('Grille AE'!$G$16:$BN$25,1,9):INDEX('Grille AE'!$G$16:$BN$25,10,9))+COUNTA(INDEX('Grille AE'!$G$27:$BN$41,1,9):INDEX('Grille AE'!$G$27:$BN$41,15,9))) | R12: =IF(NOT(ISNUMBER($Q12)),"",$Q12/25) | S12: =IF(NOT(ISNUMBER($R12)),"",IF($R12>='KPI Agents'!$F$5,"Oui","Non")) | T12: =IF(NOT(ISNUMBER($A12)),"",MONTH($A12))
A13: =IF(OR(INDEX('Grille AE'!$G$3:$BN$3,1,10)="",INDEX('Grille AE'!$G$5:$BN$5,1,10)=""),"",INDEX('Grille AE'!$G$5:$BN$5,1,10)) | B13: =IFERROR(IF(INDEX('Grille AE'!$G$3:$BN$3,1,10)="","",INDEX('Grille AE'!$G$3:$BN$3,1,10)),"") | C13: =IF($B13="","",IFERROR(INDEX('Grille AE'!$G$4:$BN$4,1,10),"")) | D13: =IF($B13="","","AE") | E13: =IF($B13="","",IF(INDEX('Grille AE'!$G$10:$BN$10,1,10)="","",INDEX('Grille AE'!$G$10:$BN$10,1,10))) | F13: =IF($B13="","",IF(OR(INDEX('Grille AE'!$G$6:$BN$6,1,10)="",INDEX('Grille AE'!$G$7:$BN$7,1,10)=""),"",ROUND(MOD(INDEX('Grille AE'!$G$7:$BN$7,1,10)-INDEX('Grille AE'!$G$6:$BN$6,1,10),1)*1440,0))) | G13: =IF($B13="","",IFERROR(INDEX('Grille AE'!$G$44:$BN$44,1,10),"")) | H13: =IF($B13="","",IFERROR(INDEX('Grille AE'!$G$45:$BN$45,1,10),"")) | I13: =IF($B13="","",IFERROR(INDEX('Grille AE'!$G$46:$BN$46,1,10),"")) | J13: =IF(NOT(ISNUMBER($I13)),"",IF($I13>='KPI Agents'!$E$5,"Objectif Atteint","Non Atteint")) | K13: =IF(NOT(ISNUMBER($A13)),"",_xlfn.ISOWEEKNUM($A13)) | L13: =IF(NOT(ISNUMBER($A13)),"",YEAR($A13)) | M13: =IF($B13="","","Grille AE") | N13: =IF($B13="","",SUBSTITUTE(ADDRESS(1,6+10,4),"1","")) | O13: =IF($B13="","",IF(INDEX('Grille AE'!$G$9:$BN$9,1,10)="","",INDEX('Grille AE'!$G$9:$BN$9,1,10))) | P13: =IF($B13="","",IF(INDEX('Grille AE'!$G$8:$BN$8,1,10)="","",INDEX('Grille AE'!$G$8:$BN$8,1,10))) | Q13: =IF($B13="","",COUNTA(INDEX('Grille AE'!$G$16:$BN$25,1,10):INDEX('Grille AE'!$G$16:$BN$25,10,10))+COUNTA(INDEX('Grille AE'!$G$27:$BN$41,1,10):INDEX('Grille AE'!$G$27:$BN$41,15,10))) | R13: =IF(NOT(ISNUMBER($Q13)),"",$Q13/25) | S13: =IF(NOT(ISNUMBER($R13)),"",IF($R13>='KPI Agents'!$F$5,"Oui","Non")) | T13: =IF(NOT(ISNUMBER($A13)),"",MONTH($A13))
A14: =IF(OR(INDEX('Grille AE'!$G$3:$BN$3,1,11)="",INDEX('Grille AE'!$G$5:$BN$5,1,11)=""),"",INDEX('Grille AE'!$G$5:$BN$5,1,11)) | B14: =IFERROR(IF(INDEX('Grille AE'!$G$3:$BN$3,1,11)="","",INDEX('Grille AE'!$G$3:$BN$3,1,11)),"") | C14: =IF($B14="","",IFERROR(INDEX('Grille AE'!$G$4:$BN$4,1,11),"")) | D14: =IF($B14="","","AE") | E14: =IF($B14="","",IF(INDEX('Grille AE'!$G$10:$BN$10,1,11)="","",INDEX('Grille AE'!$G$10:$BN$10,1,11))) | F14: =IF($B14="","",IF(OR(INDEX('Grille AE'!$G$6:$BN$6,1,11)="",INDEX('Grille AE'!$G$7:$BN$7,1,11)=""),"",ROUND(MOD(INDEX('Grille AE'!$G$7:$BN$7,1,11)-INDEX('Grille AE'!$G$6:$BN$6,1,11),1)*1440,0))) | G14: =IF($B14="","",IFERROR(INDEX('Grille AE'!$G$44:$BN$44,1,11),"")) | H14: =IF($B14="","",IFERROR(INDEX('Grille AE'!$G$45:$BN$45,1,11),"")) | I14: =IF($B14="","",IFERROR(INDEX('Grille AE'!$G$46:$BN$46,1,11),"")) | J14: =IF(NOT(ISNUMBER($I14)),"",IF($I14>='KPI Agents'!$E$5,"Objectif Atteint","Non Atteint")) | K14: =IF(NOT(ISNUMBER($A14)),"",_xlfn.ISOWEEKNUM($A14)) | L14: =IF(NOT(ISNUMBER($A14)),"",YEAR($A14)) | M14: =IF($B14="","","Grille AE") | N14: =IF($B14="","",SUBSTITUTE(ADDRESS(1,6+11,4),"1","")) | O14: =IF($B14="","",IF(INDEX('Grille AE'!$G$9:$BN$9,1,11)="","",INDEX('Grille AE'!$G$9:$BN$9,1,11))) | P14: =IF($B14="","",IF(INDEX('Grille AE'!$G$8:$BN$8,1,11)="","",INDEX('Grille AE'!$G$8:$BN$8,1,11))) | Q14: =IF($B14="","",COUNTA(INDEX('Grille AE'!$G$16:$BN$25,1,11):INDEX('Grille AE'!$G$16:$BN$25,10,11))+COUNTA(INDEX('Grille AE'!$G$27:$BN$41,1,11):INDEX('Grille AE'!$G$27:$BN$41,15,11))) | R14: =IF(NOT(ISNUMBER($Q14)),"",$Q14/25) | S14: =IF(NOT(ISNUMBER($R14)),"",IF($R14>='KPI Agents'!$F$5,"Oui","Non")) | T14: =IF(NOT(ISNUMBER($A14)),"",MONTH($A14))
A15: =IF(OR(INDEX('Grille AE'!$G$3:$BN$3,1,12)="",INDEX('Grille AE'!$G$5:$BN$5,1,12)=""),"",INDEX('Grille AE'!$G$5:$BN$5,1,12)) | B15: =IFERROR(IF(INDEX('Grille AE'!$G$3:$BN$3,1,12)="","",INDEX('Grille AE'!$G$3:$BN$3,1,12)),"") | C15: =IF($B15="","",IFERROR(INDEX('Grille AE'!$G$4:$BN$4,1,12),"")) | D15: =IF($B15="","","AE") | E15: =IF($B15="","",IF(INDEX('Grille AE'!$G$10:$BN$10,1,12)="","",INDEX('Grille AE'!$G$10:$BN$10,1,12))) | F15: =IF($B15="","",IF(OR(INDEX('Grille AE'!$G$6:$BN$6,1,12)="",INDEX('Grille AE'!$G$7:$BN$7,1,12)=""),"",ROUND(MOD(INDEX('Grille AE'!$G$7:$BN$7,1,12)-INDEX('Grille AE'!$G$6:$BN$6,1,12),1)*1440,0))) | G15: =IF($B15="","",IFERROR(INDEX('Grille AE'!$G$44:$BN$44,1,12),"")) | H15: =IF($B15="","",IFERROR(INDEX('Grille AE'!$G$45:$BN$45,1,12),"")) | I15: =IF($B15="","",IFERROR(INDEX('Grille AE'!$G$46:$BN$46,1,12),"")) | J15: =IF(NOT(ISNUMBER($I15)),"",IF($I15>='KPI Agents'!$E$5,"Objectif Atteint","Non Atteint")) | K15: =IF(NOT(ISNUMBER($A15)),"",_xlfn.ISOWEEKNUM($A15)) | L15: =IF(NOT(ISNUMBER($A15)),"",YEAR($A15)) | M15: =IF($B15="","","Grille AE") | N15: =IF($B15="","",SUBSTITUTE(ADDRESS(1,6+12,4),"1","")) | O15: =IF($B15="","",IF(INDEX('Grille AE'!$G$9:$BN$9,1,12)="","",INDEX('Grille AE'!$G$9:$BN$9,1,12))) | P15: =IF($B15="","",IF(INDEX('Grille AE'!$G$8:$BN$8,1,12)="","",INDEX('Grille AE'!$G$8:$BN$8,1,12))) | Q15: =IF($B15="","",COUNTA(INDEX('Grille AE'!$G$16:$BN$25,1,12):INDEX('Grille AE'!$G$16:$BN$25,10,12))+COUNTA(INDEX('Grille AE'!$G$27:$BN$41,1,12):INDEX('Grille AE'!$G$27:$BN$41,15,12))) | R15: =IF(NOT(ISNUMBER($Q15)),"",$Q15/25) | S15: =IF(NOT(ISNUMBER($R15)),"",IF($R15>='KPI Agents'!$F$5,"Oui","Non")) | T15: =IF(NOT(ISNUMBER($A15)),"",MONTH($A15))
A16: =IF(OR(INDEX('Grille AE'!$G$3:$BN$3,1,13)="",INDEX('Grille AE'!$G$5:$BN$5,1,13)=""),"",INDEX('Grille AE'!$G$5:$BN$5,1,13)) | B16: =IFERROR(IF(INDEX('Grille AE'!$G$3:$BN$3,1,13)="","",INDEX('Grille AE'!$G$3:$BN$3,1,13)),"") | C16: =IF($B16="","",IFERROR(INDEX('Grille AE'!$G$4:$BN$4,1,13),"")) | D16: =IF($B16="","","AE") | E16: =IF($B16="","",IF(INDEX('Grille AE'!$G$10:$BN$10,1,13)="","",INDEX('Grille AE'!$G$10:$BN$10,1,13))) | F16: =IF($B16="","",IF(OR(INDEX('Grille AE'!$G$6:$BN$6,1,13)="",INDEX('Grille AE'!$G$7:$BN$7,1,13)=""),"",ROUND(MOD(INDEX('Grille AE'!$G$7:$BN$7,1,13)-INDEX('Grille AE'!$G$6:$BN$6,1,13),1)*1440,0))) | G16: =IF($B16="","",IFERROR(INDEX('Grille AE'!$G$44:$BN$44,1,13),"")) | H16: =IF($B16="","",IFERROR(INDEX('Grille AE'!$G$45:$BN$45,1,13),"")) | I16: =IF($B16="","",IFERROR(INDEX('Grille AE'!$G$46:$BN$46,1,13),"")) | J16: =IF(NOT(ISNUMBER($I16)),"",IF($I16>='KPI Agents'!$E$5,"Objectif Atteint","Non Atteint")) | K16: =IF(NOT(ISNUMBER($A16)),"",_xlfn.ISOWEEKNUM($A16)) | L16: =IF(NOT(ISNUMBER($A16)),"",YEAR($A16)) | M16: =IF($B16="","","Grille AE") | N16: =IF($B16="","",SUBSTITUTE(ADDRESS(1,6+13,4),"1","")) | O16: =IF($B16="","",IF(INDEX('Grille AE'!$G$9:$BN$9,1,13)="","",INDEX('Grille AE'!$G$9:$BN$9,1,13))) | P16: =IF($B16="","",IF(INDEX('Grille AE'!$G$8:$BN$8,1,13)="","",INDEX('Grille AE'!$G$8:$BN$8,1,13))) | Q16: =IF($B16="","",COUNTA(INDEX('Grille AE'!$G$16:$BN$25,1,13):INDEX('Grille AE'!$G$16:$BN$25,10,13))+COUNTA(INDEX('Grille AE'!$G$27:$BN$41,1,13):INDEX('Grille AE'!$G$27:$BN$41,15,13))) | R16: =IF(NOT(ISNUMBER($Q16)),"",$Q16/25) | S16: =IF(NOT(ISNUMBER($R16)),"",IF($R16>='KPI Agents'!$F$5,"Oui","Non")) | T16: =IF(NOT(ISNUMBER($A16)),"",MONTH($A16))
A17: =IF(OR(INDEX('Grille AE'!$G$3:$BN$3,1,14)="",INDEX('Grille AE'!$G$5:$BN$5,1,14)=""),"",INDEX('Grille AE'!$G$5:$BN$5,1,14)) | B17: =IFERROR(IF(INDEX('Grille AE'!$G$3:$BN$3,1,14)="","",INDEX('Grille AE'!$G$3:$BN$3,1,14)),"") | C17: =IF($B17="","",IFERROR(INDEX('Grille AE'!$G$4:$BN$4,1,14),"")) | D17: =IF($B17="","","AE") | E17: =IF($B17="","",IF(INDEX('Grille AE'!$G$10:$BN$10,1,14)="","",INDEX('Grille AE'!$G$10:$BN$10,1,14))) | F17: =IF($B17="","",IF(OR(INDEX('Grille AE'!$G$6:$BN$6,1,14)="",INDEX('Grille AE'!$G$7:$BN$7,1,14)=""),"",ROUND(MOD(INDEX('Grille AE'!$G$7:$BN$7,1,14)-INDEX('Grille AE'!$G$6:$BN$6,1,14),1)*1440,0))) | G17: =IF($B17="","",IFERROR(INDEX('Grille AE'!$G$44:$BN$44,1,14),"")) | H17: =IF($B17="","",IFERROR(INDEX('Grille AE'!$G$45:$BN$45,1,14),"")) | I17: =IF($B17="","",IFERROR(INDEX('Grille AE'!$G$46:$BN$46,1,14),"")) | J17: =IF(NOT(ISNUMBER($I17)),"",IF($I17>='KPI Agents'!$E$5,"Objectif Atteint","Non Atteint")) | K17: =IF(NOT(ISNUMBER($A17)),"",_xlfn.ISOWEEKNUM($A17)) | L17: =IF(NOT(ISNUMBER($A17)),"",YEAR($A17)) | M17: =IF($B17="","","Grille AE") | N17: =IF($B17="","",SUBSTITUTE(ADDRESS(1,6+14,4),"1","")) | O17: =IF($B17="","",IF(INDEX('Grille AE'!$G$9:$BN$9,1,14)="","",INDEX('Grille AE'!$G$9:$BN$9,1,14))) | P17: =IF($B17="","",IF(INDEX('Grille AE'!$G$8:$BN$8,1,14)="","",INDEX('Grille AE'!$G$8:$BN$8,1,14))) | Q17: =IF($B17="","",COUNTA(INDEX('Grille AE'!$G$16:$BN$25,1,14):INDEX('Grille AE'!$G$16:$BN$25,10,14))+COUNTA(INDEX('Grille AE'!$G$27:$BN$41,1,14):INDEX('Grille AE'!$G$27:$BN$41,15,14))) | R17: =IF(NOT(ISNUMBER($Q17)),"",$Q17/25) | S17: =IF(NOT(ISNUMBER($R17)),"",IF($R17>='KPI Agents'!$F$5,"Oui","Non")) | T17: =IF(NOT(ISNUMBER($A17)),"",MONTH($A17))
A18: =IF(OR(INDEX('Grille AE'!$G$3:$BN$3,1,15)="",INDEX('Grille AE'!$G$5:$BN$5,1,15)=""),"",INDEX('Grille AE'!$G$5:$BN$5,1,15)) | B18: =IFERROR(IF(INDEX('Grille AE'!$G$3:$BN$3,1,15)="","",INDEX('Grille AE'!$G$3:$BN$3,1,15)),"") | C18: =IF($B18="","",IFERROR(INDEX('Grille AE'!$G$4:$BN$4,1,15),"")) | D18: =IF($B18="","","AE") | E18: =IF($B18="","",IF(INDEX('Grille AE'!$G$10:$BN$10,1,15)="","",INDEX('Grille AE'!$G$10:$BN$10,1,15))) | F18: =IF($B18="","",IF(OR(INDEX('Grille AE'!$G$6:$BN$6,1,15)="",INDEX('Grille AE'!$G$7:$BN$7,1,15)=""),"",ROUND(MOD(INDEX('Grille AE'!$G$7:$BN$7,1,15)-INDEX('Grille AE'!$G$6:$BN$6,1,15),1)*1440,0))) | G18: =IF($B18="","",IFERROR(INDEX('Grille AE'!$G$44:$BN$44,1,15),"")) | H18: =IF($B18="","",IFERROR(INDEX('Grille AE'!$G$45:$BN$45,1,15),"")) | I18: =IF($B18="","",IFERROR(INDEX('Grille AE'!$G$46:$BN$46,1,15),"")) | J18: =IF(NOT(ISNUMBER($I18)),"",IF($I18>='KPI Agents'!$E$5,"Objectif Atteint","Non Atteint")) | K18: =IF(NOT(ISNUMBER($A18)),"",_xlfn.ISOWEEKNUM($A18)) | L18: =IF(NOT(ISNUMBER($A18)),"",YEAR($A18)) | M18: =IF($B18="","","Grille AE") | N18: =IF($B18="","",SUBSTITUTE(ADDRESS(1,6+15,4),"1","")) | O18: =IF($B18="","",IF(INDEX('Grille AE'!$G$9:$BN$9,1,15)="","",INDEX('Grille AE'!$G$9:$BN$9,1,15))) | P18: =IF($B18="","",IF(INDEX('Grille AE'!$G$8:$BN$8,1,15)="","",INDEX('Grille AE'!$G$8:$BN$8,1,15))) | Q18: =IF($B18="","",COUNTA(INDEX('Grille AE'!$G$16:$BN$25,1,15):INDEX('Grille AE'!$G$16:$BN$25,10,15))+COUNTA(INDEX('Grille AE'!$G$27:$BN$41,1,15):INDEX('Grille AE'!$G$27:$BN$41,15,15))) | R18: =IF(NOT(ISNUMBER($Q18)),"",$Q18/25) | S18: =IF(NOT(ISNUMBER($R18)),"",IF($R18>='KPI Agents'!$F$5,"Oui","Non")) | T18: =IF(NOT(ISNUMBER($A18)),"",MONTH($A18))
A19: =IF(OR(INDEX('Grille AE'!$G$3:$BN$3,1,16)="",INDEX('Grille AE'!$G$5:$BN$5,1,16)=""),"",INDEX('Grille AE'!$G$5:$BN$5,1,16)) | B19: =IFERROR(IF(INDEX('Grille AE'!$G$3:$BN$3,1,16)="","",INDEX('Grille AE'!$G$3:$BN$3,1,16)),"") | C19: =IF($B19="","",IFERROR(INDEX('Grille AE'!$G$4:$BN$4,1,16),"")) | D19: =IF($B19="","","AE") | E19: =IF($B19="","",IF(INDEX('Grille AE'!$G$10:$BN$10,1,16)="","",INDEX('Grille AE'!$G$10:$BN$10,1,16))) | F19: =IF($B19="","",IF(OR(INDEX('Grille AE'!$G$6:$BN$6,1,16)="",INDEX('Grille AE'!$G$7:$BN$7,1,16)=""),"",ROUND(MOD(INDEX('Grille AE'!$G$7:$BN$7,1,16)-INDEX('Grille AE'!$G$6:$BN$6,1,16),1)*1440,0))) | G19: =IF($B19="","",IFERROR(INDEX('Grille AE'!$G$44:$BN$44,1,16),"")) | H19: =IF($B19="","",IFERROR(INDEX('Grille AE'!$G$45:$BN$45,1,16),"")) | I19: =IF($B19="","",IFERROR(INDEX('Grille AE'!$G$46:$BN$46,1,16),"")) | J19: =IF(NOT(ISNUMBER($I19)),"",IF($I19>='KPI Agents'!$E$5,"Objectif Atteint","Non Atteint")) | K19: =IF(NOT(ISNUMBER($A19)),"",_xlfn.ISOWEEKNUM($A19)) | L19: =IF(NOT(ISNUMBER($A19)),"",YEAR($A19)) | M19: =IF($B19="","","Grille AE") | N19: =IF($B19="","",SUBSTITUTE(ADDRESS(1,6+16,4),"1","")) | O19: =IF($B19="","",IF(INDEX('Grille AE'!$G$9:$BN$9,1,16)="","",INDEX('Grille AE'!$G$9:$BN$9,1,16))) | P19: =IF($B19="","",IF(INDEX('Grille AE'!$G$8:$BN$8,1,16)="","",INDEX('Grille AE'!$G$8:$BN$8,1,16))) | Q19: =IF($B19="","",COUNTA(INDEX('Grille AE'!$G$16:$BN$25,1,16):INDEX('Grille AE'!$G$16:$BN$25,10,16))+COUNTA(INDEX('Grille AE'!$G$27:$BN$41,1,16):INDEX('Grille AE'!$G$27:$BN$41,15,16))) | R19: =IF(NOT(ISNUMBER($Q19)),"",$Q19/25) | S19: =IF(NOT(ISNUMBER($R19)),"",IF($R19>='KPI Agents'!$F$5,"Oui","Non")) | T19: =IF(NOT(ISNUMBER($A19)),"",MONTH($A19))
A20: =IF(OR(INDEX('Grille AE'!$G$3:$BN$3,1,17)="",INDEX('Grille AE'!$G$5:$BN$5,1,17)=""),"",INDEX('Grille AE'!$G$5:$BN$5,1,17)) | B20: =IFERROR(IF(INDEX('Grille AE'!$G$3:$BN$3,1,17)="","",INDEX('Grille AE'!$G$3:$BN$3,1,17)),"") | C20: =IF($B20="","",IFERROR(INDEX('Grille AE'!$G$4:$BN$4,1,17),"")) | D20: =IF($B20="","","AE") | E20: =IF($B20="","",IF(INDEX('Grille AE'!$G$10:$BN$10,1,17)="","",INDEX('Grille AE'!$G$10:$BN$10,1,17))) | F20: =IF($B20="","",IF(OR(INDEX('Grille AE'!$G$6:$BN$6,1,17)="",INDEX('Grille AE'!$G$7:$BN$7,1,17)=""),"",ROUND(MOD(INDEX('Grille AE'!$G$7:$BN$7,1,17)-INDEX('Grille AE'!$G$6:$BN$6,1,17),1)*1440,0))) | G20: =IF($B20="","",IFERROR(INDEX('Grille AE'!$G$44:$BN$44,1,17),"")) | H20: =IF($B20="","",IFERROR(INDEX('Grille AE'!$G$45:$BN$45,1,17),"")) | I20: =IF($B20="","",IFERROR(INDEX('Grille AE'!$G$46:$BN$46,1,17),"")) | J20: =IF(NOT(ISNUMBER($I20)),"",IF($I20>='KPI Agents'!$E$5,"Objectif Atteint","Non Atteint")) | K20: =IF(NOT(ISNUMBER($A20)),"",_xlfn.ISOWEEKNUM($A20)) | L20: =IF(NOT(ISNUMBER($A20)),"",YEAR($A20)) | M20: =IF($B20="","","Grille AE") | N20: =IF($B20="","",SUBSTITUTE(ADDRESS(1,6+17,4),"1","")) | O20: =IF($B20="","",IF(INDEX('Grille AE'!$G$9:$BN$9,1,17)="","",INDEX('Grille AE'!$G$9:$BN$9,1,17))) | P20: =IF($B20="","",IF(INDEX('Grille AE'!$G$8:$BN$8,1,17)="","",INDEX('Grille AE'!$G$8:$BN$8,1,17))) | Q20: =IF($B20="","",COUNTA(INDEX('Grille AE'!$G$16:$BN$25,1,17):INDEX('Grille AE'!$G$16:$BN$25,10,17))+COUNTA(INDEX('Grille AE'!$G$27:$BN$41,1,17):INDEX('Grille AE'!$G$27:$BN$41,15,17))) | R20: =IF(NOT(ISNUMBER($Q20)),"",$Q20/25) | S20: =IF(NOT(ISNUMBER($R20)),"",IF($R20>='KPI Agents'!$F$5,"Oui","Non")) | T20: =IF(NOT(ISNUMBER($A20)),"",MONTH($A20))
A21: =IF(OR(INDEX('Grille AE'!$G$3:$BN$3,1,18)="",INDEX('Grille AE'!$G$5:$BN$5,1,18)=""),"",INDEX('Grille AE'!$G$5:$BN$5,1,18)) | B21: =IFERROR(IF(INDEX('Grille AE'!$G$3:$BN$3,1,18)="","",INDEX('Grille AE'!$G$3:$BN$3,1,18)),"") | C21: =IF($B21="","",IFERROR(INDEX('Grille AE'!$G$4:$BN$4,1,18),"")) | D21: =IF($B21="","","AE") | E21: =IF($B21="","",IF(INDEX('Grille AE'!$G$10:$BN$10,1,18)="","",INDEX('Grille AE'!$G$10:$BN$10,1,18))) | F21: =IF($B21="","",IF(OR(INDEX('Grille AE'!$G$6:$BN$6,1,18)="",INDEX('Grille AE'!$G$7:$BN$7,1,18)=""),"",ROUND(MOD(INDEX('Grille AE'!$G$7:$BN$7,1,18)-INDEX('Grille AE'!$G$6:$BN$6,1,18),1)*1440,0))) | G21: =IF($B21="","",IFERROR(INDEX('Grille AE'!$G$44:$BN$44,1,18),"")) | H21: =IF($B21="","",IFERROR(INDEX('Grille AE'!$G$45:$BN$45,1,18),"")) | I21: =IF($B21="","",IFERROR(INDEX('Grille AE'!$G$46:$BN$46,1,18),"")) | J21: =IF(NOT(ISNUMBER($I21)),"",IF($I21>='KPI Agents'!$E$5,"Objectif Atteint","Non Atteint")) | K21: =IF(NOT(ISNUMBER($A21)),"",_xlfn.ISOWEEKNUM($A21)) | L21: =IF(NOT(ISNUMBER($A21)),"",YEAR($A21)) | M21: =IF($B21="","","Grille AE") | N21: =IF($B21="","",SUBSTITUTE(ADDRESS(1,6+18,4),"1","")) | O21: =IF($B21="","",IF(INDEX('Grille AE'!$G$9:$BN$9,1,18)="","",INDEX('Grille AE'!$G$9:$BN$9,1,18))) | P21: =IF($B21="","",IF(INDEX('Grille AE'!$G$8:$BN$8,1,18)="","",INDEX('Grille AE'!$G$8:$BN$8,1,18))) | Q21: =IF($B21="","",COUNTA(INDEX('Grille AE'!$G$16:$BN$25,1,18):INDEX('Grille AE'!$G$16:$BN$25,10,18))+COUNTA(INDEX('Grille AE'!$G$27:$BN$41,1,18):INDEX('Grille AE'!$G$27:$BN$41,15,18))) | R21: =IF(NOT(ISNUMBER($Q21)),"",$Q21/25) | S21: =IF(NOT(ISNUMBER($R21)),"",IF($R21>='KPI Agents'!$F$5,"Oui","Non")) | T21: =IF(NOT(ISNUMBER($A21)),"",MONTH($A21))
A22: =IF(OR(INDEX('Grille AE'!$G$3:$BN$3,1,19)="",INDEX('Grille AE'!$G$5:$BN$5,1,19)=""),"",INDEX('Grille AE'!$G$5:$BN$5,1,19)) | B22: =IFERROR(IF(INDEX('Grille AE'!$G$3:$BN$3,1,19)="","",INDEX('Grille AE'!$G$3:$BN$3,1,19)),"") | C22: =IF($B22="","",IFERROR(INDEX('Grille AE'!$G$4:$BN$4,1,19),"")) | D22: =IF($B22="","","AE") | E22: =IF($B22="","",IF(INDEX('Grille AE'!$G$10:$BN$10,1,19)="","",INDEX('Grille AE'!$G$10:$BN$10,1,19))) | F22: =IF($B22="","",IF(OR(INDEX('Grille AE'!$G$6:$BN$6,1,19)="",INDEX('Grille AE'!$G$7:$BN$7,1,19)=""),"",ROUND(MOD(INDEX('Grille AE'!$G$7:$BN$7,1,19)-INDEX('Grille AE'!$G$6:$BN$6,1,19),1)*1440,0))) | G22: =IF($B22="","",IFERROR(INDEX('Grille AE'!$G$44:$BN$44,1,19),"")) | H22: =IF($B22="","",IFERROR(INDEX('Grille AE'!$G$45:$BN$45,1,19),"")) | I22: =IF($B22="","",IFERROR(INDEX('Grille AE'!$G$46:$BN$46,1,19),"")) | J22: =IF(NOT(ISNUMBER($I22)),"",IF($I22>='KPI Agents'!$E$5,"Objectif Atteint","Non Atteint")) | K22: =IF(NOT(ISNUMBER($A22)),"",_xlfn.ISOWEEKNUM($A22)) | L22: =IF(NOT(ISNUMBER($A22)),"",YEAR($A22)) | M22: =IF($B22="","","Grille AE") | N22: =IF($B22="","",SUBSTITUTE(ADDRESS(1,6+19,4),"1","")) | O22: =IF($B22="","",IF(INDEX('Grille AE'!$G$9:$BN$9,1,19)="","",INDEX('Grille AE'!$G$9:$BN$9,1,19))) | P22: =IF($B22="","",IF(INDEX('Grille AE'!$G$8:$BN$8,1,19)="","",INDEX('Grille AE'!$G$8:$BN$8,1,19))) | Q22: =IF($B22="","",COUNTA(INDEX('Grille AE'!$G$16:$BN$25,1,19):INDEX('Grille AE'!$G$16:$BN$25,10,19))+COUNTA(INDEX('Grille AE'!$G$27:$BN$41,1,19):INDEX('Grille AE'!$G$27:$BN$41,15,19))) | R22: =IF(NOT(ISNUMBER($Q22)),"",$Q22/25) | S22: =IF(NOT(ISNUMBER($R22)),"",IF($R22>='KPI Agents'!$F$5,"Oui","Non")) | T22: =IF(NOT(ISNUMBER($A22)),"",MONTH($A22))
A23: =IF(OR(INDEX('Grille AE'!$G$3:$BN$3,1,20)="",INDEX('Grille AE'!$G$5:$BN$5,1,20)=""),"",INDEX('Grille AE'!$G$5:$BN$5,1,20)) | B23: =IFERROR(IF(INDEX('Grille AE'!$G$3:$BN$3,1,20)="","",INDEX('Grille AE'!$G$3:$BN$3,1,20)),"") | C23: =IF($B23="","",IFERROR(INDEX('Grille AE'!$G$4:$BN$4,1,20),"")) | D23: =IF($B23="","","AE") | E23: =IF($B23="","",IF(INDEX('Grille AE'!$G$10:$BN$10,1,20)="","",INDEX('Grille AE'!$G$10:$BN$10,1,20))) | F23: =IF($B23="","",IF(OR(INDEX('Grille AE'!$G$6:$BN$6,1,20)="",INDEX('Grille AE'!$G$7:$BN$7,1,20)=""),"",ROUND(MOD(INDEX('Grille AE'!$G$7:$BN$7,1,20)-INDEX('Grille AE'!$G$6:$BN$6,1,20),1)*1440,0))) | G23: =IF($B23="","",IFERROR(INDEX('Grille AE'!$G$44:$BN$44,1,20),"")) | H23: =IF($B23="","",IFERROR(INDEX('Grille AE'!$G$45:$BN$45,1,20),"")) | I23: =IF($B23="","",IFERROR(INDEX('Grille AE'!$G$46:$BN$46,1,20),"")) | J23: =IF(NOT(ISNUMBER($I23)),"",IF($I23>='KPI Agents'!$E$5,"Objectif Atteint","Non Atteint")) | K23: =IF(NOT(ISNUMBER($A23)),"",_xlfn.ISOWEEKNUM($A23)) | L23: =IF(NOT(ISNUMBER($A23)),"",YEAR($A23)) | M23: =IF($B23="","","Grille AE") | N23: =IF($B23="","",SUBSTITUTE(ADDRESS(1,6+20,4),"1","")) | O23: =IF($B23="","",IF(INDEX('Grille AE'!$G$9:$BN$9,1,20)="","",INDEX('Grille AE'!$G$9:$BN$9,1,20))) | P23: =IF($B23="","",IF(INDEX('Grille AE'!$G$8:$BN$8,1,20)="","",INDEX('Grille AE'!$G$8:$BN$8,1,20))) | Q23: =IF($B23="","",COUNTA(INDEX('Grille AE'!$G$16:$BN$25,1,20):INDEX('Grille AE'!$G$16:$BN$25,10,20))+COUNTA(INDEX('Grille AE'!$G$27:$BN$41,1,20):INDEX('Grille AE'!$G$27:$BN$41,15,20))) | R23: =IF(NOT(ISNUMBER($Q23)),"",$Q23/25) | S23: =IF(NOT(ISNUMBER($R23)),"",IF($R23>='KPI Agents'!$F$5,"Oui","Non")) | T23: =IF(NOT(ISNUMBER($A23)),"",MONTH($A23))
A24: =IF(OR(INDEX('Grille AE'!$G$3:$BN$3,1,21)="",INDEX('Grille AE'!$G$5:$BN$5,1,21)=""),"",INDEX('Grille AE'!$G$5:$BN$5,1,21)) | B24: =IFERROR(IF(INDEX('Grille AE'!$G$3:$BN$3,1,21)="","",INDEX('Grille AE'!$G$3:$BN$3,1,21)),"") | C24: =IF($B24="","",IFERROR(INDEX('Grille AE'!$G$4:$BN$4,1,21),"")) | D24: =IF($B24="","","AE") | E24: =IF($B24="","",IF(INDEX('Grille AE'!$G$10:$BN$10,1,21)="","",INDEX('Grille AE'!$G$10:$BN$10,1,21))) | F24: =IF($B24="","",IF(OR(INDEX('Grille AE'!$G$6:$BN$6,1,21)="",INDEX('Grille AE'!$G$7:$BN$7,1,21)=""),"",ROUND(MOD(INDEX('Grille AE'!$G$7:$BN$7,1,21)-INDEX('Grille AE'!$G$6:$BN$6,1,21),1)*1440,0))) | G24: =IF($B24="","",IFERROR(INDEX('Grille AE'!$G$44:$BN$44,1,21),"")) | H24: =IF($B24="","",IFERROR(INDEX('Grille AE'!$G$45:$BN$45,1,21),"")) | I24: =IF($B24="","",IFERROR(INDEX('Grille AE'!$G$46:$BN$46,1,21),"")) | J24: =IF(NOT(ISNUMBER($I24)),"",IF($I24>='KPI Agents'!$E$5,"Objectif Atteint","Non Atteint")) | K24: =IF(NOT(ISNUMBER($A24)),"",_xlfn.ISOWEEKNUM($A24)) | L24: =IF(NOT(ISNUMBER($A24)),"",YEAR($A24)) | M24: =IF($B24="","","Grille AE") | N24: =IF($B24="","",SUBSTITUTE(ADDRESS(1,6+21,4),"1","")) | O24: =IF($B24="","",IF(INDEX('Grille AE'!$G$9:$BN$9,1,21)="","",INDEX('Grille AE'!$G$9:$BN$9,1,21))) | P24: =IF($B24="","",IF(INDEX('Grille AE'!$G$8:$BN$8,1,21)="","",INDEX('Grille AE'!$G$8:$BN$8,1,21))) | Q24: =IF($B24="","",COUNTA(INDEX('Grille AE'!$G$16:$BN$25,1,21):INDEX('Grille AE'!$G$16:$BN$25,10,21))+COUNTA(INDEX('Grille AE'!$G$27:$BN$41,1,21):INDEX('Grille AE'!$G$27:$BN$41,15,21))) | R24: =IF(NOT(ISNUMBER($Q24)),"",$Q24/25) | S24: =IF(NOT(ISNUMBER($R24)),"",IF($R24>='KPI Agents'!$F$5,"Oui","Non")) | T24: =IF(NOT(ISNUMBER($A24)),"",MONTH($A24))
A25: =IF(OR(INDEX('Grille AE'!$G$3:$BN$3,1,22)="",INDEX('Grille AE'!$G$5:$BN$5,1,22)=""),"",INDEX('Grille AE'!$G$5:$BN$5,1,22)) | B25: =IFERROR(IF(INDEX('Grille AE'!$G$3:$BN$3,1,22)="","",INDEX('Grille AE'!$G$3:$BN$3,1,22)),"") | C25: =IF($B25="","",IFERROR(INDEX('Grille AE'!$G$4:$BN$4,1,22),"")) | D25: =IF($B25="","","AE") | E25: =IF($B25="","",IF(INDEX('Grille AE'!$G$10:$BN$10,1,22)="","",INDEX('Grille AE'!$G$10:$BN$10,1,22))) | F25: =IF($B25="","",IF(OR(INDEX('Grille AE'!$G$6:$BN$6,1,22)="",INDEX('Grille AE'!$G$7:$BN$7,1,22)=""),"",ROUND(MOD(INDEX('Grille AE'!$G$7:$BN$7,1,22)-INDEX('Grille AE'!$G$6:$BN$6,1,22),1)*1440,0))) | G25: =IF($B25="","",IFERROR(INDEX('Grille AE'!$G$44:$BN$44,1,22),"")) | H25: =IF($B25="","",IFERROR(INDEX('Grille AE'!$G$45:$BN$45,1,22),"")) | I25: =IF($B25="","",IFERROR(INDEX('Grille AE'!$G$46:$BN$46,1,22),"")) | J25: =IF(NOT(ISNUMBER($I25)),"",IF($I25>='KPI Agents'!$E$5,"Objectif Atteint","Non Atteint")) | K25: =IF(NOT(ISNUMBER($A25)),"",_xlfn.ISOWEEKNUM($A25)) | L25: =IF(NOT(ISNUMBER($A25)),"",YEAR($A25)) | M25: =IF($B25="","","Grille AE") | N25: =IF($B25="","",SUBSTITUTE(ADDRESS(1,6+22,4),"1","")) | O25: =IF($B25="","",IF(INDEX('Grille AE'!$G$9:$BN$9,1,22)="","",INDEX('Grille AE'!$G$9:$BN$9,1,22))) | P25: =IF($B25="","",IF(INDEX('Grille AE'!$G$8:$BN$8,1,22)="","",INDEX('Grille AE'!$G$8:$BN$8,1,22))) | Q25: =IF($B25="","",COUNTA(INDEX('Grille AE'!$G$16:$BN$25,1,22):INDEX('Grille AE'!$G$16:$BN$25,10,22))+COUNTA(INDEX('Grille AE'!$G$27:$BN$41,1,22):INDEX('Grille AE'!$G$27:$BN$41,15,22))) | R25: =IF(NOT(ISNUMBER($Q25)),"",$Q25/25) | S25: =IF(NOT(ISNUMBER($R25)),"",IF($R25>='KPI Agents'!$F$5,"Oui","Non")) | T25: =IF(NOT(ISNUMBER($A25)),"",MONTH($A25))
A26: =IF(OR(INDEX('Grille AE'!$G$3:$BN$3,1,23)="",INDEX('Grille AE'!$G$5:$BN$5,1,23)=""),"",INDEX('Grille AE'!$G$5:$BN$5,1,23)) | B26: =IFERROR(IF(INDEX('Grille AE'!$G$3:$BN$3,1,23)="","",INDEX('Grille AE'!$G$3:$BN$3,1,23)),"") | C26: =IF($B26="","",IFERROR(INDEX('Grille AE'!$G$4:$BN$4,1,23),"")) | D26: =IF($B26="","","AE") | E26: =IF($B26="","",IF(INDEX('Grille AE'!$G$10:$BN$10,1,23)="","",INDEX('Grille AE'!$G$10:$BN$10,1,23))) | F26: =IF($B26="","",IF(OR(INDEX('Grille AE'!$G$6:$BN$6,1,23)="",INDEX('Grille AE'!$G$7:$BN$7,1,23)=""),"",ROUND(MOD(INDEX('Grille AE'!$G$7:$BN$7,1,23)-INDEX('Grille AE'!$G$6:$BN$6,1,23),1)*1440,0))) | G26: =IF($B26="","",IFERROR(INDEX('Grille AE'!$G$44:$BN$44,1,23),"")) | H26: =IF($B26="","",IFERROR(INDEX('Grille AE'!$G$45:$BN$45,1,23),"")) | I26: =IF($B26="","",IFERROR(INDEX('Grille AE'!$G$46:$BN$46,1,23),"")) | J26: =IF(NOT(ISNUMBER($I26)),"",IF($I26>='KPI Agents'!$E$5,"Objectif Atteint","Non Atteint")) | K26: =IF(NOT(ISNUMBER($A26)),"",_xlfn.ISOWEEKNUM($A26)) | L26: =IF(NOT(ISNUMBER($A26)),"",YEAR($A26)) | M26: =IF($B26="","","Grille AE") | N26: =IF($B26="","",SUBSTITUTE(ADDRESS(1,6+23,4),"1","")) | O26: =IF($B26="","",IF(INDEX('Grille AE'!$G$9:$BN$9,1,23)="","",INDEX('Grille AE'!$G$9:$BN$9,1,23))) | P26: =IF($B26="","",IF(INDEX('Grille AE'!$G$8:$BN$8,1,23)="","",INDEX('Grille AE'!$G$8:$BN$8,1,23))) | Q26: =IF($B26="","",COUNTA(INDEX('Grille AE'!$G$16:$BN$25,1,23):INDEX('Grille AE'!$G$16:$BN$25,10,23))+COUNTA(INDEX('Grille AE'!$G$27:$BN$41,1,23):INDEX('Grille AE'!$G$27:$BN$41,15,23))) | R26: =IF(NOT(ISNUMBER($Q26)),"",$Q26/25) | S26: =IF(NOT(ISNUMBER($R26)),"",IF($R26>='KPI Agents'!$F$5,"Oui","Non")) | T26: =IF(NOT(ISNUMBER($A26)),"",MONTH($A26))
A27: =IF(OR(INDEX('Grille AE'!$G$3:$BN$3,1,24)="",INDEX('Grille AE'!$G$5:$BN$5,1,24)=""),"",INDEX('Grille AE'!$G$5:$BN$5,1,24)) | B27: =IFERROR(IF(INDEX('Grille AE'!$G$3:$BN$3,1,24)="","",INDEX('Grille AE'!$G$3:$BN$3,1,24)),"") | C27: =IF($B27="","",IFERROR(INDEX('Grille AE'!$G$4:$BN$4,1,24),"")) | D27: =IF($B27="","","AE") | E27: =IF($B27="","",IF(INDEX('Grille AE'!$G$10:$BN$10,1,24)="","",INDEX('Grille AE'!$G$10:$BN$10,1,24))) | F27: =IF($B27="","",IF(OR(INDEX('Grille AE'!$G$6:$BN$6,1,24)="",INDEX('Grille AE'!$G$7:$BN$7,1,24)=""),"",ROUND(MOD(INDEX('Grille AE'!$G$7:$BN$7,1,24)-INDEX('Grille AE'!$G$6:$BN$6,1,24),1)*1440,0))) | G27: =IF($B27="","",IFERROR(INDEX('Grille AE'!$G$44:$BN$44,1,24),"")) | H27: =IF($B27="","",IFERROR(INDEX('Grille AE'!$G$45:$BN$45,1,24),"")) | I27: =IF($B27="","",IFERROR(INDEX('Grille AE'!$G$46:$BN$46,1,24),"")) | J27: =IF(NOT(ISNUMBER($I27)),"",IF($I27>='KPI Agents'!$E$5,"Objectif Atteint","Non Atteint")) | K27: =IF(NOT(ISNUMBER($A27)),"",_xlfn.ISOWEEKNUM($A27)) | L27: =IF(NOT(ISNUMBER($A27)),"",YEAR($A27)) | M27: =IF($B27="","","Grille AE") | N27: =IF($B27="","",SUBSTITUTE(ADDRESS(1,6+24,4),"1","")) | O27: =IF($B27="","",IF(INDEX('Grille AE'!$G$9:$BN$9,1,24)="","",INDEX('Grille AE'!$G$9:$BN$9,1,24))) | P27: =IF($B27="","",IF(INDEX('Grille AE'!$G$8:$BN$8,1,24)="","",INDEX('Grille AE'!$G$8:$BN$8,1,24))) | Q27: =IF($B27="","",COUNTA(INDEX('Grille AE'!$G$16:$BN$25,1,24):INDEX('Grille AE'!$G$16:$BN$25,10,24))+COUNTA(INDEX('Grille AE'!$G$27:$BN$41,1,24):INDEX('Grille AE'!$G$27:$BN$41,15,24))) | R27: =IF(NOT(ISNUMBER($Q27)),"",$Q27/25) | S27: =IF(NOT(ISNUMBER($R27)),"",IF($R27>='KPI Agents'!$F$5,"Oui","Non")) | T27: =IF(NOT(ISNUMBER($A27)),"",MONTH($A27))
A28: =IF(OR(INDEX('Grille AE'!$G$3:$BN$3,1,25)="",INDEX('Grille AE'!$G$5:$BN$5,1,25)=""),"",INDEX('Grille AE'!$G$5:$BN$5,1,25)) | B28: =IFERROR(IF(INDEX('Grille AE'!$G$3:$BN$3,1,25)="","",INDEX('Grille AE'!$G$3:$BN$3,1,25)),"") | C28: =IF($B28="","",IFERROR(INDEX('Grille AE'!$G$4:$BN$4,1,25),"")) | D28: =IF($B28="","","AE") | E28: =IF($B28="","",IF(INDEX('Grille AE'!$G$10:$BN$10,1,25)="","",INDEX('Grille AE'!$G$10:$BN$10,1,25))) | F28: =IF($B28="","",IF(OR(INDEX('Grille AE'!$G$6:$BN$6,1,25)="",INDEX('Grille AE'!$G$7:$BN$7,1,25)=""),"",ROUND(MOD(INDEX('Grille AE'!$G$7:$BN$7,1,25)-INDEX('Grille AE'!$G$6:$BN$6,1,25),1)*1440,0))) | G28: =IF($B28="","",IFERROR(INDEX('Grille AE'!$G$44:$BN$44,1,25),"")) | H28: =IF($B28="","",IFERROR(INDEX('Grille AE'!$G$45:$BN$45,1,25),"")) | I28: =IF($B28="","",IFERROR(INDEX('Grille AE'!$G$46:$BN$46,1,25),"")) | J28: =IF(NOT(ISNUMBER($I28)),"",IF($I28>='KPI Agents'!$E$5,"Objectif Atteint","Non Atteint")) | K28: =IF(NOT(ISNUMBER($A28)),"",_xlfn.ISOWEEKNUM($A28)) | L28: =IF(NOT(ISNUMBER($A28)),"",YEAR($A28)) | M28: =IF($B28="","","Grille AE") | N28: =IF($B28="","",SUBSTITUTE(ADDRESS(1,6+25,4),"1","")) | O28: =IF($B28="","",IF(INDEX('Grille AE'!$G$9:$BN$9,1,25)="","",INDEX('Grille AE'!$G$9:$BN$9,1,25))) | P28: =IF($B28="","",IF(INDEX('Grille AE'!$G$8:$BN$8,1,25)="","",INDEX('Grille AE'!$G$8:$BN$8,1,25))) | Q28: =IF($B28="","",COUNTA(INDEX('Grille AE'!$G$16:$BN$25,1,25):INDEX('Grille AE'!$G$16:$BN$25,10,25))+COUNTA(INDEX('Grille AE'!$G$27:$BN$41,1,25):INDEX('Grille AE'!$G$27:$BN$41,15,25))) | R28: =IF(NOT(ISNUMBER($Q28)),"",$Q28/25) | S28: =IF(NOT(ISNUMBER($R28)),"",IF($R28>='KPI Agents'!$F$5,"Oui","Non")) | T28: =IF(NOT(ISNUMBER($A28)),"",MONTH($A28))
A29: =IF(OR(INDEX('Grille AE'!$G$3:$BN$3,1,26)="",INDEX('Grille AE'!$G$5:$BN$5,1,26)=""),"",INDEX('Grille AE'!$G$5:$BN$5,1,26)) | B29: =IFERROR(IF(INDEX('Grille AE'!$G$3:$BN$3,1,26)="","",INDEX('Grille AE'!$G$3:$BN$3,1,26)),"") | C29: =IF($B29="","",IFERROR(INDEX('Grille AE'!$G$4:$BN$4,1,26),"")) | D29: =IF($B29="","","AE") | E29: =IF($B29="","",IF(INDEX('Grille AE'!$G$10:$BN$10,1,26)="","",INDEX('Grille AE'!$G$10:$BN$10,1,26))) | F29: =IF($B29="","",IF(OR(INDEX('Grille AE'!$G$6:$BN$6,1,26)="",INDEX('Grille AE'!$G$7:$BN$7,1,26)=""),"",ROUND(MOD(INDEX('Grille AE'!$G$7:$BN$7,1,26)-INDEX('Grille AE'!$G$6:$BN$6,1,26),1)*1440,0))) | G29: =IF($B29="","",IFERROR(INDEX('Grille AE'!$G$44:$BN$44,1,26),"")) | H29: =IF($B29="","",IFERROR(INDEX('Grille AE'!$G$45:$BN$45,1,26),"")) | I29: =IF($B29="","",IFERROR(INDEX('Grille AE'!$G$46:$BN$46,1,26),"")) | J29: =IF(NOT(ISNUMBER($I29)),"",IF($I29>='KPI Agents'!$E$5,"Objectif Atteint","Non Atteint")) | K29: =IF(NOT(ISNUMBER($A29)),"",_xlfn.ISOWEEKNUM($A29)) | L29: =IF(NOT(ISNUMBER($A29)),"",YEAR($A29)) | M29: =IF($B29="","","Grille AE") | N29: =IF($B29="","",SUBSTITUTE(ADDRESS(1,6+26,4),"1","")) | O29: =IF($B29="","",IF(INDEX('Grille AE'!$G$9:$BN$9,1,26)="","",INDEX('Grille AE'!$G$9:$BN$9,1,26))) | P29: =IF($B29="","",IF(INDEX('Grille AE'!$G$8:$BN$8,1,26)="","",INDEX('Grille AE'!$G$8:$BN$8,1,26))) | Q29: =IF($B29="","",COUNTA(INDEX('Grille AE'!$G$16:$BN$25,1,26):INDEX('Grille AE'!$G$16:$BN$25,10,26))+COUNTA(INDEX('Grille AE'!$G$27:$BN$41,1,26):INDEX('Grille AE'!$G$27:$BN$41,15,26))) | R29: =IF(NOT(ISNUMBER($Q29)),"",$Q29/25) | S29: =IF(NOT(ISNUMBER($R29)),"",IF($R29>='KPI Agents'!$F$5,"Oui","Non")) | T29: =IF(NOT(ISNUMBER($A29)),"",MONTH($A29))
A30: =IF(OR(INDEX('Grille AE'!$G$3:$BN$3,1,27)="",INDEX('Grille AE'!$G$5:$BN$5,1,27)=""),"",INDEX('Grille AE'!$G$5:$BN$5,1,27)) | B30: =IFERROR(IF(INDEX('Grille AE'!$G$3:$BN$3,1,27)="","",INDEX('Grille AE'!$G$3:$BN$3,1,27)),"") | C30: =IF($B30="","",IFERROR(INDEX('Grille AE'!$G$4:$BN$4,1,27),"")) | D30: =IF($B30="","","AE") | E30: =IF($B30="","",IF(INDEX('Grille AE'!$G$10:$BN$10,1,27)="","",INDEX('Grille AE'!$G$10:$BN$10,1,27))) | F30: =IF($B30="","",IF(OR(INDEX('Grille AE'!$G$6:$BN$6,1,27)="",INDEX('Grille AE'!$G$7:$BN$7,1,27)=""),"",ROUND(MOD(INDEX('Grille AE'!$G$7:$BN$7,1,27)-INDEX('Grille AE'!$G$6:$BN$6,1,27),1)*1440,0))) | G30: =IF($B30="","",IFERROR(INDEX('Grille AE'!$G$44:$BN$44,1,27),"")) | H30: =IF($B30="","",IFERROR(INDEX('Grille AE'!$G$45:$BN$45,1,27),"")) | I30: =IF($B30="","",IFERROR(INDEX('Grille AE'!$G$46:$BN$46,1,27),"")) | J30: =IF(NOT(ISNUMBER($I30)),"",IF($I30>='KPI Agents'!$E$5,"Objectif Atteint","Non Atteint")) | K30: =IF(NOT(ISNUMBER($A30)),"",_xlfn.ISOWEEKNUM($A30)) | L30: =IF(NOT(ISNUMBER($A30)),"",YEAR($A30)) | M30: =IF($B30="","","Grille AE") | N30: =IF($B30="","",SUBSTITUTE(ADDRESS(1,6+27,4),"1","")) | O30: =IF($B30="","",IF(INDEX('Grille AE'!$G$9:$BN$9,1,27)="","",INDEX('Grille AE'!$G$9:$BN$9,1,27))) | P30: =IF($B30="","",IF(INDEX('Grille AE'!$G$8:$BN$8,1,27)="","",INDEX('Grille AE'!$G$8:$BN$8,1,27))) | Q30: =IF($B30="","",COUNTA(INDEX('Grille AE'!$G$16:$BN$25,1,27):INDEX('Grille AE'!$G$16:$BN$25,10,27))+COUNTA(INDEX('Grille AE'!$G$27:$BN$41,1,27):INDEX('Grille AE'!$G$27:$BN$41,15,27))) | R30: =IF(NOT(ISNUMBER($Q30)),"",$Q30/25) | S30: =IF(NOT(ISNUMBER($R30)),"",IF($R30>='KPI Agents'!$F$5,"Oui","Non")) | T30: =IF(NOT(ISNUMBER($A30)),"",MONTH($A30))
A31: =IF(OR(INDEX('Grille AE'!$G$3:$BN$3,1,28)="",INDEX('Grille AE'!$G$5:$BN$5,1,28)=""),"",INDEX('Grille AE'!$G$5:$BN$5,1,28)) | B31: =IFERROR(IF(INDEX('Grille AE'!$G$3:$BN$3,1,28)="","",INDEX('Grille AE'!$G$3:$BN$3,1,28)),"") | C31: =IF($B31="","",IFERROR(INDEX('Grille AE'!$G$4:$BN$4,1,28),"")) | D31: =IF($B31="","","AE") | E31: =IF($B31="","",IF(INDEX('Grille AE'!$G$10:$BN$10,1,28)="","",INDEX('Grille AE'!$G$10:$BN$10,1,28))) | F31: =IF($B31="","",IF(OR(INDEX('Grille AE'!$G$6:$BN$6,1,28)="",INDEX('Grille AE'!$G$7:$BN$7,1,28)=""),"",ROUND(MOD(INDEX('Grille AE'!$G$7:$BN$7,1,28)-INDEX('Grille AE'!$G$6:$BN$6,1,28),1)*1440,0))) | G31: =IF($B31="","",IFERROR(INDEX('Grille AE'!$G$44:$BN$44,1,28),"")) | H31: =IF($B31="","",IFERROR(INDEX('Grille AE'!$G$45:$BN$45,1,28),"")) | I31: =IF($B31="","",IFERROR(INDEX('Grille AE'!$G$46:$BN$46,1,28),"")) | J31: =IF(NOT(ISNUMBER($I31)),"",IF($I31>='KPI Agents'!$E$5,"Objectif Atteint","Non Atteint")) | K31: =IF(NOT(ISNUMBER($A31)),"",_xlfn.ISOWEEKNUM($A31)) | L31: =IF(NOT(ISNUMBER($A31)),"",YEAR($A31)) | M31: =IF($B31="","","Grille AE") | N31: =IF($B31="","",SUBSTITUTE(ADDRESS(1,6+28,4),"1","")) | O31: =IF($B31="","",IF(INDEX('Grille AE'!$G$9:$BN$9,1,28)="","",INDEX('Grille AE'!$G$9:$BN$9,1,28))) | P31: =IF($B31="","",IF(INDEX('Grille AE'!$G$8:$BN$8,1,28)="","",INDEX('Grille AE'!$G$8:$BN$8,1,28))) | Q31: =IF($B31="","",COUNTA(INDEX('Grille AE'!$G$16:$BN$25,1,28):INDEX('Grille AE'!$G$16:$BN$25,10,28))+COUNTA(INDEX('Grille AE'!$G$27:$BN$41,1,28):INDEX('Grille AE'!$G$27:$BN$41,15,28))) | R31: =IF(NOT(ISNUMBER($Q31)),"",$Q31/25) | S31: =IF(NOT(ISNUMBER($R31)),"",IF($R31>='KPI Agents'!$F$5,"Oui","Non")) | T31: =IF(NOT(ISNUMBER($A31)),"",MONTH($A31))
A32: =IF(OR(INDEX('Grille AE'!$G$3:$BN$3,1,29)="",INDEX('Grille AE'!$G$5:$BN$5,1,29)=""),"",INDEX('Grille AE'!$G$5:$BN$5,1,29)) | B32: =IFERROR(IF(INDEX('Grille AE'!$G$3:$BN$3,1,29)="","",INDEX('Grille AE'!$G$3:$BN$3,1,29)),"") | C32: =IF($B32="","",IFERROR(INDEX('Grille AE'!$G$4:$BN$4,1,29),"")) | D32: =IF($B32="","","AE") | E32: =IF($B32="","",IF(INDEX('Grille AE'!$G$10:$BN$10,1,29)="","",INDEX('Grille AE'!$G$10:$BN$10,1,29))) | F32: =IF($B32="","",IF(OR(INDEX('Grille AE'!$G$6:$BN$6,1,29)="",INDEX('Grille AE'!$G$7:$BN$7,1,29)=""),"",ROUND(MOD(INDEX('Grille AE'!$G$7:$BN$7,1,29)-INDEX('Grille AE'!$G$6:$BN$6,1,29),1)*1440,0))) | G32: =IF($B32="","",IFERROR(INDEX('Grille AE'!$G$44:$BN$44,1,29),"")) | H32: =IF($B32="","",IFERROR(INDEX('Grille AE'!$G$45:$BN$45,1,29),"")) | I32: =IF($B32="","",IFERROR(INDEX('Grille AE'!$G$46:$BN$46,1,29),"")) | J32: =IF(NOT(ISNUMBER($I32)),"",IF($I32>='KPI Agents'!$E$5,"Objectif Atteint","Non Atteint")) | K32: =IF(NOT(ISNUMBER($A32)),"",_xlfn.ISOWEEKNUM($A32)) | L32: =IF(NOT(ISNUMBER($A32)),"",YEAR($A32)) | M32: =IF($B32="","","Grille AE") | N32: =IF($B32="","",SUBSTITUTE(ADDRESS(1,6+29,4),"1","")) | O32: =IF($B32="","",IF(INDEX('Grille AE'!$G$9:$BN$9,1,29)="","",INDEX('Grille AE'!$G$9:$BN$9,1,29))) | P32: =IF($B32="","",IF(INDEX('Grille AE'!$G$8:$BN$8,1,29)="","",INDEX('Grille AE'!$G$8:$BN$8,1,29))) | Q32: =IF($B32="","",COUNTA(INDEX('Grille AE'!$G$16:$BN$25,1,29):INDEX('Grille AE'!$G$16:$BN$25,10,29))+COUNTA(INDEX('Grille AE'!$G$27:$BN$41,1,29):INDEX('Grille AE'!$G$27:$BN$41,15,29))) | R32: =IF(NOT(ISNUMBER($Q32)),"",$Q32/25) | S32: =IF(NOT(ISNUMBER($R32)),"",IF($R32>='KPI Agents'!$F$5,"Oui","Non")) | T32: =IF(NOT(ISNUMBER($A32)),"",MONTH($A32))
A33: =IF(OR(INDEX('Grille AE'!$G$3:$BN$3,1,30)="",INDEX('Grille AE'!$G$5:$BN$5,1,30)=""),"",INDEX('Grille AE'!$G$5:$BN$5,1,30)) | B33: =IFERROR(IF(INDEX('Grille AE'!$G$3:$BN$3,1,30)="","",INDEX('Grille AE'!$G$3:$BN$3,1,30)),"") | C33: =IF($B33="","",IFERROR(INDEX('Grille AE'!$G$4:$BN$4,1,30),"")) | D33: =IF($B33="","","AE") | E33: =IF($B33="","",IF(INDEX('Grille AE'!$G$10:$BN$10,1,30)="","",INDEX('Grille AE'!$G$10:$BN$10,1,30))) | F33: =IF($B33="","",IF(OR(INDEX('Grille AE'!$G$6:$BN$6,1,30)="",INDEX('Grille AE'!$G$7:$BN$7,1,30)=""),"",ROUND(MOD(INDEX('Grille AE'!$G$7:$BN$7,1,30)-INDEX('Grille AE'!$G$6:$BN$6,1,30),1)*1440,0))) | G33: =IF($B33="","",IFERROR(INDEX('Grille AE'!$G$44:$BN$44,1,30),"")) | H33: =IF($B33="","",IFERROR(INDEX('Grille AE'!$G$45:$BN$45,1,30),"")) | I33: =IF($B33="","",IFERROR(INDEX('Grille AE'!$G$46:$BN$46,1,30),"")) | J33: =IF(NOT(ISNUMBER($I33)),"",IF($I33>='KPI Agents'!$E$5,"Objectif Atteint","Non Atteint")) | K33: =IF(NOT(ISNUMBER($A33)),"",_xlfn.ISOWEEKNUM($A33)) | L33: =IF(NOT(ISNUMBER($A33)),"",YEAR($A33)) | M33: =IF($B33="","","Grille AE") | N33: =IF($B33="","",SUBSTITUTE(ADDRESS(1,6+30,4),"1","")) | O33: =IF($B33="","",IF(INDEX('Grille AE'!$G$9:$BN$9,1,30)="","",INDEX('Grille AE'!$G$9:$BN$9,1,30))) | P33: =IF($B33="","",IF(INDEX('Grille AE'!$G$8:$BN$8,1,30)="","",INDEX('Grille AE'!$G$8:$BN$8,1,30))) | Q33: =IF($B33="","",COUNTA(INDEX('Grille AE'!$G$16:$BN$25,1,30):INDEX('Grille AE'!$G$16:$BN$25,10,30))+COUNTA(INDEX('Grille AE'!$G$27:$BN$41,1,30):INDEX('Grille AE'!$G$27:$BN$41,15,30))) | R33: =IF(NOT(ISNUMBER($Q33)),"",$Q33/25) | S33: =IF(NOT(ISNUMBER($R33)),"",IF($R33>='KPI Agents'!$F$5,"Oui","Non")) | T33: =IF(NOT(ISNUMBER($A33)),"",MONTH($A33))
A34: =IF(OR(INDEX('Grille AE'!$G$3:$BN$3,1,31)="",INDEX('Grille AE'!$G$5:$BN$5,1,31)=""),"",INDEX('Grille AE'!$G$5:$BN$5,1,31)) | B34: =IFERROR(IF(INDEX('Grille AE'!$G$3:$BN$3,1,31)="","",INDEX('Grille AE'!$G$3:$BN$3,1,31)),"") | C34: =IF($B34="","",IFERROR(INDEX('Grille AE'!$G$4:$BN$4,1,31),"")) | D34: =IF($B34="","","AE") | E34: =IF($B34="","",IF(INDEX('Grille AE'!$G$10:$BN$10,1,31)="","",INDEX('Grille AE'!$G$10:$BN$10,1,31))) | F34: =IF($B34="","",IF(OR(INDEX('Grille AE'!$G$6:$BN$6,1,31)="",INDEX('Grille AE'!$G$7:$BN$7,1,31)=""),"",ROUND(MOD(INDEX('Grille AE'!$G$7:$BN$7,1,31)-INDEX('Grille AE'!$G$6:$BN$6,1,31),1)*1440,0))) | G34: =IF($B34="","",IFERROR(INDEX('Grille AE'!$G$44:$BN$44,1,31),"")) | H34: =IF($B34="","",IFERROR(INDEX('Grille AE'!$G$45:$BN$45,1,31),"")) | I34: =IF($B34="","",IFERROR(INDEX('Grille AE'!$G$46:$BN$46,1,31),"")) | J34: =IF(NOT(ISNUMBER($I34)),"",IF($I34>='KPI Agents'!$E$5,"Objectif Atteint","Non Atteint")) | K34: =IF(NOT(ISNUMBER($A34)),"",_xlfn.ISOWEEKNUM($A34)) | L34: =IF(NOT(ISNUMBER($A34)),"",YEAR($A34)) | M34: =IF($B34="","","Grille AE") | N34: =IF($B34="","",SUBSTITUTE(ADDRESS(1,6+31,4),"1","")) | O34: =IF($B34="","",IF(INDEX('Grille AE'!$G$9:$BN$9,1,31)="","",INDEX('Grille AE'!$G$9:$BN$9,1,31))) | P34: =IF($B34="","",IF(INDEX('Grille AE'!$G$8:$BN$8,1,31)="","",INDEX('Grille AE'!$G$8:$BN$8,1,31))) | Q34: =IF($B34="","",COUNTA(INDEX('Grille AE'!$G$16:$BN$25,1,31):INDEX('Grille AE'!$G$16:$BN$25,10,31))+COUNTA(INDEX('Grille AE'!$G$27:$BN$41,1,31):INDEX('Grille AE'!$G$27:$BN$41,15,31))) | R34: =IF(NOT(ISNUMBER($Q34)),"",$Q34/25) | S34: =IF(NOT(ISNUMBER($R34)),"",IF($R34>='KPI Agents'!$F$5,"Oui","Non")) | T34: =IF(NOT(ISNUMBER($A34)),"",MONTH($A34))
A35: =IF(OR(INDEX('Grille AE'!$G$3:$BN$3,1,32)="",INDEX('Grille AE'!$G$5:$BN$5,1,32)=""),"",INDEX('Grille AE'!$G$5:$BN$5,1,32)) | B35: =IFERROR(IF(INDEX('Grille AE'!$G$3:$BN$3,1,32)="","",INDEX('Grille AE'!$G$3:$BN$3,1,32)),"") | C35: =IF($B35="","",IFERROR(INDEX('Grille AE'!$G$4:$BN$4,1,32),"")) | D35: =IF($B35="","","AE") | E35: =IF($B35="","",IF(INDEX('Grille AE'!$G$10:$BN$10,1,32)="","",INDEX('Grille AE'!$G$10:$BN$10,1,32))) | F35: =IF($B35="","",IF(OR(INDEX('Grille AE'!$G$6:$BN$6,1,32)="",INDEX('Grille AE'!$G$7:$BN$7,1,32)=""),"",ROUND(MOD(INDEX('Grille AE'!$G$7:$BN$7,1,32)-INDEX('Grille AE'!$G$6:$BN$6,1,32),1)*1440,0))) | G35: =IF($B35="","",IFERROR(INDEX('Grille AE'!$G$44:$BN$44,1,32),"")) | H35: =IF($B35="","",IFERROR(INDEX('Grille AE'!$G$45:$BN$45,1,32),"")) | I35: =IF($B35="","",IFERROR(INDEX('Grille AE'!$G$46:$BN$46,1,32),"")) | J35: =IF(NOT(ISNUMBER($I35)),"",IF($I35>='KPI Agents'!$E$5,"Objectif Atteint","Non Atteint")) | K35: =IF(NOT(ISNUMBER($A35)),"",_xlfn.ISOWEEKNUM($A35)) | L35: =IF(NOT(ISNUMBER($A35)),"",YEAR($A35)) | M35: =IF($B35="","","Grille AE") | N35: =IF($B35="","",SUBSTITUTE(ADDRESS(1,6+32,4),"1","")) | O35: =IF($B35="","",IF(INDEX('Grille AE'!$G$9:$BN$9,1,32)="","",INDEX('Grille AE'!$G$9:$BN$9,1,32))) | P35: =IF($B35="","",IF(INDEX('Grille AE'!$G$8:$BN$8,1,32)="","",INDEX('Grille AE'!$G$8:$BN$8,1,32))) | Q35: =IF($B35="","",COUNTA(INDEX('Grille AE'!$G$16:$BN$25,1,32):INDEX('Grille AE'!$G$16:$BN$25,10,32))+COUNTA(INDEX('Grille AE'!$G$27:$BN$41,1,32):INDEX('Grille AE'!$G$27:$BN$41,15,32))) | R35: =IF(NOT(ISNUMBER($Q35)),"",$Q35/25) | S35: =IF(NOT(ISNUMBER($R35)),"",IF($R35>='KPI Agents'!$F$5,"Oui","Non")) | T35: =IF(NOT(ISNUMBER($A35)),"",MONTH($A35))
A36: =IF(OR(INDEX('Grille AE'!$G$3:$BN$3,1,33)="",INDEX('Grille AE'!$G$5:$BN$5,1,33)=""),"",INDEX('Grille AE'!$G$5:$BN$5,1,33)) | B36: =IFERROR(IF(INDEX('Grille AE'!$G$3:$BN$3,1,33)="","",INDEX('Grille AE'!$G$3:$BN$3,1,33)),"") | C36: =IF($B36="","",IFERROR(INDEX('Grille AE'!$G$4:$BN$4,1,33),"")) | D36: =IF($B36="","","AE") | E36: =IF($B36="","",IF(INDEX('Grille AE'!$G$10:$BN$10,1,33)="","",INDEX('Grille AE'!$G$10:$BN$10,1,33))) | F36: =IF($B36="","",IF(OR(INDEX('Grille AE'!$G$6:$BN$6,1,33)="",INDEX('Grille AE'!$G$7:$BN$7,1,33)=""),"",ROUND(MOD(INDEX('Grille AE'!$G$7:$BN$7,1,33)-INDEX('Grille AE'!$G$6:$BN$6,1,33),1)*1440,0))) | G36: =IF($B36="","",IFERROR(INDEX('Grille AE'!$G$44:$BN$44,1,33),"")) | H36: =IF($B36="","",IFERROR(INDEX('Grille AE'!$G$45:$BN$45,1,33),"")) | I36: =IF($B36="","",IFERROR(INDEX('Grille AE'!$G$46:$BN$46,1,33),"")) | J36: =IF(NOT(ISNUMBER($I36)),"",IF($I36>='KPI Agents'!$E$5,"Objectif Atteint","Non Atteint")) | K36: =IF(NOT(ISNUMBER($A36)),"",_xlfn.ISOWEEKNUM($A36)) | L36: =IF(NOT(ISNUMBER($A36)),"",YEAR($A36)) | M36: =IF($B36="","","Grille AE") | N36: =IF($B36="","",SUBSTITUTE(ADDRESS(1,6+33,4),"1","")) | O36: =IF($B36="","",IF(INDEX('Grille AE'!$G$9:$BN$9,1,33)="","",INDEX('Grille AE'!$G$9:$BN$9,1,33))) | P36: =IF($B36="","",IF(INDEX('Grille AE'!$G$8:$BN$8,1,33)="","",INDEX('Grille AE'!$G$8:$BN$8,1,33))) | Q36: =IF($B36="","",COUNTA(INDEX('Grille AE'!$G$16:$BN$25,1,33):INDEX('Grille AE'!$G$16:$BN$25,10,33))+COUNTA(INDEX('Grille AE'!$G$27:$BN$41,1,33):INDEX('Grille AE'!$G$27:$BN$41,15,33))) | R36: =IF(NOT(ISNUMBER($Q36)),"",$Q36/25) | S36: =IF(NOT(ISNUMBER($R36)),"",IF($R36>='KPI Agents'!$F$5,"Oui","Non")) | T36: =IF(NOT(ISNUMBER($A36)),"",MONTH($A36))
A37: =IF(OR(INDEX('Grille AE'!$G$3:$BN$3,1,34)="",INDEX('Grille AE'!$G$5:$BN$5,1,34)=""),"",INDEX('Grille AE'!$G$5:$BN$5,1,34)) | B37: =IFERROR(IF(INDEX('Grille AE'!$G$3:$BN$3,1,34)="","",INDEX('Grille AE'!$G$3:$BN$3,1,34)),"") | C37: =IF($B37="","",IFERROR(INDEX('Grille AE'!$G$4:$BN$4,1,34),"")) | D37: =IF($B37="","","AE") | E37: =IF($B37="","",IF(INDEX('Grille AE'!$G$10:$BN$10,1,34)="","",INDEX('Grille AE'!$G$10:$BN$10,1,34))) | F37: =IF($B37="","",IF(OR(INDEX('Grille AE'!$G$6:$BN$6,1,34)="",INDEX('Grille AE'!$G$7:$BN$7,1,34)=""),"",ROUND(MOD(INDEX('Grille AE'!$G$7:$BN$7,1,34)-INDEX('Grille AE'!$G$6:$BN$6,1,34),1)*1440,0))) | G37: =IF($B37="","",IFERROR(INDEX('Grille AE'!$G$44:$BN$44,1,34),"")) | H37: =IF($B37="","",IFERROR(INDEX('Grille AE'!$G$45:$BN$45,1,34),"")) | I37: =IF($B37="","",IFERROR(INDEX('Grille AE'!$G$46:$BN$46,1,34),"")) | J37: =IF(NOT(ISNUMBER($I37)),"",IF($I37>='KPI Agents'!$E$5,"Objectif Atteint","Non Atteint")) | K37: =IF(NOT(ISNUMBER($A37)),"",_xlfn.ISOWEEKNUM($A37)) | L37: =IF(NOT(ISNUMBER($A37)),"",YEAR($A37)) | M37: =IF($B37="","","Grille AE") | N37: =IF($B37="","",SUBSTITUTE(ADDRESS(1,6+34,4),"1","")) | O37: =IF($B37="","",IF(INDEX('Grille AE'!$G$9:$BN$9,1,34)="","",INDEX('Grille AE'!$G$9:$BN$9,1,34))) | P37: =IF($B37="","",IF(INDEX('Grille AE'!$G$8:$BN$8,1,34)="","",INDEX('Grille AE'!$G$8:$BN$8,1,34))) | Q37: =IF($B37="","",COUNTA(INDEX('Grille AE'!$G$16:$BN$25,1,34):INDEX('Grille AE'!$G$16:$BN$25,10,34))+COUNTA(INDEX('Grille AE'!$G$27:$BN$41,1,34):INDEX('Grille AE'!$G$27:$BN$41,15,34))) | R37: =IF(NOT(ISNUMBER($Q37)),"",$Q37/25) | S37: =IF(NOT(ISNUMBER($R37)),"",IF($R37>='KPI Agents'!$F$5,"Oui","Non")) | T37: =IF(NOT(ISNUMBER($A37)),"",MONTH($A37))
A38: =IF(OR(INDEX('Grille AE'!$G$3:$BN$3,1,35)="",INDEX('Grille AE'!$G$5:$BN$5,1,35)=""),"",INDEX('Grille AE'!$G$5:$BN$5,1,35)) | B38: =IFERROR(IF(INDEX('Grille AE'!$G$3:$BN$3,1,35)="","",INDEX('Grille AE'!$G$3:$BN$3,1,35)),"") | C38: =IF($B38="","",IFERROR(INDEX('Grille AE'!$G$4:$BN$4,1,35),"")) | D38: =IF($B38="","","AE") | E38: =IF($B38="","",IF(INDEX('Grille AE'!$G$10:$BN$10,1,35)="","",INDEX('Grille AE'!$G$10:$BN$10,1,35))) | F38: =IF($B38="","",IF(OR(INDEX('Grille AE'!$G$6:$BN$6,1,35)="",INDEX('Grille AE'!$G$7:$BN$7,1,35)=""),"",ROUND(MOD(INDEX('Grille AE'!$G$7:$BN$7,1,35)-INDEX('Grille AE'!$G$6:$BN$6,1,35),1)*1440,0))) | G38: =IF($B38="","",IFERROR(INDEX('Grille AE'!$G$44:$BN$44,1,35),"")) | H38: =IF($B38="","",IFERROR(INDEX('Grille AE'!$G$45:$BN$45,1,35),"")) | I38: =IF($B38="","",IFERROR(INDEX('Grille AE'!$G$46:$BN$46,1,35),"")) | J38: =IF(NOT(ISNUMBER($I38)),"",IF($I38>='KPI Agents'!$E$5,"Objectif Atteint","Non Atteint")) | K38: =IF(NOT(ISNUMBER($A38)),"",_xlfn.ISOWEEKNUM($A38)) | L38: =IF(NOT(ISNUMBER($A38)),"",YEAR($A38)) | M38: =IF($B38="","","Grille AE") | N38: =IF($B38="","",SUBSTITUTE(ADDRESS(1,6+35,4),"1","")) | O38: =IF($B38="","",IF(INDEX('Grille AE'!$G$9:$BN$9,1,35)="","",INDEX('Grille AE'!$G$9:$BN$9,1,35))) | P38: =IF($B38="","",IF(INDEX('Grille AE'!$G$8:$BN$8,1,35)="","",INDEX('Grille AE'!$G$8:$BN$8,1,35))) | Q38: =IF($B38="","",COUNTA(INDEX('Grille AE'!$G$16:$BN$25,1,35):INDEX('Grille AE'!$G$16:$BN$25,10,35))+COUNTA(INDEX('Grille AE'!$G$27:$BN$41,1,35):INDEX('Grille AE'!$G$27:$BN$41,15,35))) | R38: =IF(NOT(ISNUMBER($Q38)),"",$Q38/25) | S38: =IF(NOT(ISNUMBER($R38)),"",IF($R38>='KPI Agents'!$F$5,"Oui","Non")) | T38: =IF(NOT(ISNUMBER($A38)),"",MONTH($A38))
A39: =IF(OR(INDEX('Grille AE'!$G$3:$BN$3,1,36)="",INDEX('Grille AE'!$G$5:$BN$5,1,36)=""),"",INDEX('Grille AE'!$G$5:$BN$5,1,36)) | B39: =IFERROR(IF(INDEX('Grille AE'!$G$3:$BN$3,1,36)="","",INDEX('Grille AE'!$G$3:$BN$3,1,36)),"") | C39: =IF($B39="","",IFERROR(INDEX('Grille AE'!$G$4:$BN$4,1,36),"")) | D39: =IF($B39="","","AE") | E39: =IF($B39="","",IF(INDEX('Grille AE'!$G$10:$BN$10,1,36)="","",INDEX('Grille AE'!$G$10:$BN$10,1,36))) | F39: =IF($B39="","",IF(OR(INDEX('Grille AE'!$G$6:$BN$6,1,36)="",INDEX('Grille AE'!$G$7:$BN$7,1,36)=""),"",ROUND(MOD(INDEX('Grille AE'!$G$7:$BN$7,1,36)-INDEX('Grille AE'!$G$6:$BN$6,1,36),1)*1440,0))) | G39: =IF($B39="","",IFERROR(INDEX('Grille AE'!$G$44:$BN$44,1,36),"")) | H39: =IF($B39="","",IFERROR(INDEX('Grille AE'!$G$45:$BN$45,1,36),"")) | I39: =IF($B39="","",IFERROR(INDEX('Grille AE'!$G$46:$BN$46,1,36),"")) | J39: =IF(NOT(ISNUMBER($I39)),"",IF($I39>='KPI Agents'!$E$5,"Objectif Atteint","Non Atteint")) | K39: =IF(NOT(ISNUMBER($A39)),"",_xlfn.ISOWEEKNUM($A39)) | L39: =IF(NOT(ISNUMBER($A39)),"",YEAR($A39)) | M39: =IF($B39="","","Grille AE") | N39: =IF($B39="","",SUBSTITUTE(ADDRESS(1,6+36,4),"1","")) | O39: =IF($B39="","",IF(INDEX('Grille AE'!$G$9:$BN$9,1,36)="","",INDEX('Grille AE'!$G$9:$BN$9,1,36))) | P39: =IF($B39="","",IF(INDEX('Grille AE'!$G$8:$BN$8,1,36)="","",INDEX('Grille AE'!$G$8:$BN$8,1,36))) | Q39: =IF($B39="","",COUNTA(INDEX('Grille AE'!$G$16:$BN$25,1,36):INDEX('Grille AE'!$G$16:$BN$25,10,36))+COUNTA(INDEX('Grille AE'!$G$27:$BN$41,1,36):INDEX('Grille AE'!$G$27:$BN$41,15,36))) | R39: =IF(NOT(ISNUMBER($Q39)),"",$Q39/25) | S39: =IF(NOT(ISNUMBER($R39)),"",IF($R39>='KPI Agents'!$F$5,"Oui","Non")) | T39: =IF(NOT(ISNUMBER($A39)),"",MONTH($A39))
A40: =IF(OR(INDEX('Grille AE'!$G$3:$BN$3,1,37)="",INDEX('Grille AE'!$G$5:$BN$5,1,37)=""),"",INDEX('Grille AE'!$G$5:$BN$5,1,37)) | B40: =IFERROR(IF(INDEX('Grille AE'!$G$3:$BN$3,1,37)="","",INDEX('Grille AE'!$G$3:$BN$3,1,37)),"") | C40: =IF($B40="","",IFERROR(INDEX('Grille AE'!$G$4:$BN$4,1,37),"")) | D40: =IF($B40="","","AE") | E40: =IF($B40="","",IF(INDEX('Grille AE'!$G$10:$BN$10,1,37)="","",INDEX('Grille AE'!$G$10:$BN$10,1,37))) | F40: =IF($B40="","",IF(OR(INDEX('Grille AE'!$G$6:$BN$6,1,37)="",INDEX('Grille AE'!$G$7:$BN$7,1,37)=""),"",ROUND(MOD(INDEX('Grille AE'!$G$7:$BN$7,1,37)-INDEX('Grille AE'!$G$6:$BN$6,1,37),1)*1440,0))) | G40: =IF($B40="","",IFERROR(INDEX('Grille AE'!$G$44:$BN$44,1,37),"")) | H40: =IF($B40="","",IFERROR(INDEX('Grille AE'!$G$45:$BN$45,1,37),"")) | I40: =IF($B40="","",IFERROR(INDEX('Grille AE'!$G$46:$BN$46,1,37),"")) | J40: =IF(NOT(ISNUMBER($I40)),"",IF($I40>='KPI Agents'!$E$5,"Objectif Atteint","Non Atteint")) | K40: =IF(NOT(ISNUMBER($A40)),"",_xlfn.ISOWEEKNUM($A40)) | L40: =IF(NOT(ISNUMBER($A40)),"",YEAR($A40)) | M40: =IF($B40="","","Grille AE") | N40: =IF($B40="","",SUBSTITUTE(ADDRESS(1,6+37,4),"1","")) | O40: =IF($B40="","",IF(INDEX('Grille AE'!$G$9:$BN$9,1,37)="","",INDEX('Grille AE'!$G$9:$BN$9,1,37))) | P40: =IF($B40="","",IF(INDEX('Grille AE'!$G$8:$BN$8,1,37)="","",INDEX('Grille AE'!$G$8:$BN$8,1,37))) | Q40: =IF($B40="","",COUNTA(INDEX('Grille AE'!$G$16:$BN$25,1,37):INDEX('Grille AE'!$G$16:$BN$25,10,37))+COUNTA(INDEX('Grille AE'!$G$27:$BN$41,1,37):INDEX('Grille AE'!$G$27:$BN$41,15,37))) | R40: =IF(NOT(ISNUMBER($Q40)),"",$Q40/25) | S40: =IF(NOT(ISNUMBER($R40)),"",IF($R40>='KPI Agents'!$F$5,"Oui","Non")) | T40: =IF(NOT(ISNUMBER($A40)),"",MONTH($A40))
A41: =IF(OR(INDEX('Grille AE'!$G$3:$BN$3,1,38)="",INDEX('Grille AE'!$G$5:$BN$5,1,38)=""),"",INDEX('Grille AE'!$G$5:$BN$5,1,38)) | B41: =IFERROR(IF(INDEX('Grille AE'!$G$3:$BN$3,1,38)="","",INDEX('Grille AE'!$G$3:$BN$3,1,38)),"") | C41: =IF($B41="","",IFERROR(INDEX('Grille AE'!$G$4:$BN$4,1,38),"")) | D41: =IF($B41="","","AE") | E41: =IF($B41="","",IF(INDEX('Grille AE'!$G$10:$BN$10,1,38)="","",INDEX('Grille AE'!$G$10:$BN$10,1,38))) | F41: =IF($B41="","",IF(OR(INDEX('Grille AE'!$G$6:$BN$6,1,38)="",INDEX('Grille AE'!$G$7:$BN$7,1,38)=""),"",ROUND(MOD(INDEX('Grille AE'!$G$7:$BN$7,1,38)-INDEX('Grille AE'!$G$6:$BN$6,1,38),1)*1440,0))) | G41: =IF($B41="","",IFERROR(INDEX('Grille AE'!$G$44:$BN$44,1,38),"")) | H41: =IF($B41="","",IFERROR(INDEX('Grille AE'!$G$45:$BN$45,1,38),"")) | I41: =IF($B41="","",IFERROR(INDEX('Grille AE'!$G$46:$BN$46,1,38),"")) | J41: =IF(NOT(ISNUMBER($I41)),"",IF($I41>='KPI Agents'!$E$5,"Objectif Atteint","Non Atteint")) | K41: =IF(NOT(ISNUMBER($A41)),"",_xlfn.ISOWEEKNUM($A41)) | L41: =IF(NOT(ISNUMBER($A41)),"",YEAR($A41)) | M41: =IF($B41="","","Grille AE") | N41: =IF($B41="","",SUBSTITUTE(ADDRESS(1,6+38,4),"1","")) | O41: =IF($B41="","",IF(INDEX('Grille AE'!$G$9:$BN$9,1,38)="","",INDEX('Grille AE'!$G$9:$BN$9,1,38))) | P41: =IF($B41="","",IF(INDEX('Grille AE'!$G$8:$BN$8,1,38)="","",INDEX('Grille AE'!$G$8:$BN$8,1,38))) | Q41: =IF($B41="","",COUNTA(INDEX('Grille AE'!$G$16:$BN$25,1,38):INDEX('Grille AE'!$G$16:$BN$25,10,38))+COUNTA(INDEX('Grille AE'!$G$27:$BN$41,1,38):INDEX('Grille AE'!$G$27:$BN$41,15,38))) | R41: =IF(NOT(ISNUMBER($Q41)),"",$Q41/25) | S41: =IF(NOT(ISNUMBER($R41)),"",IF($R41>='KPI Agents'!$F$5,"Oui","Non")) | T41: =IF(NOT(ISNUMBER($A41)),"",MONTH($A41))
A42: =IF(OR(INDEX('Grille AE'!$G$3:$BN$3,1,39)="",INDEX('Grille AE'!$G$5:$BN$5,1,39)=""),"",INDEX('Grille AE'!$G$5:$BN$5,1,39)) | B42: =IFERROR(IF(INDEX('Grille AE'!$G$3:$BN$3,1,39)="","",INDEX('Grille AE'!$G$3:$BN$3,1,39)),"") | C42: =IF($B42="","",IFERROR(INDEX('Grille AE'!$G$4:$BN$4,1,39),"")) | D42: =IF($B42="","","AE") | E42: =IF($B42="","",IF(INDEX('Grille AE'!$G$10:$BN$10,1,39)="","",INDEX('Grille AE'!$G$10:$BN$10,1,39))) | F42: =IF($B42="","",IF(OR(INDEX('Grille AE'!$G$6:$BN$6,1,39)="",INDEX('Grille AE'!$G$7:$BN$7,1,39)=""),"",ROUND(MOD(INDEX('Grille AE'!$G$7:$BN$7,1,39)-INDEX('Grille AE'!$G$6:$BN$6,1,39),1)*1440,0))) | G42: =IF($B42="","",IFERROR(INDEX('Grille AE'!$G$44:$BN$44,1,39),"")) | H42: =IF($B42="","",IFERROR(INDEX('Grille AE'!$G$45:$BN$45,1,39),"")) | I42: =IF($B42="","",IFERROR(INDEX('Grille AE'!$G$46:$BN$46,1,39),"")) | J42: =IF(NOT(ISNUMBER($I42)),"",IF($I42>='KPI Agents'!$E$5,"Objectif Atteint","Non Atteint")) | K42: =IF(NOT(ISNUMBER($A42)),"",_xlfn.ISOWEEKNUM($A42)) | L42: =IF(NOT(ISNUMBER($A42)),"",YEAR($A42)) | M42: =IF($B42="","","Grille AE") | N42: =IF($B42="","",SUBSTITUTE(ADDRESS(1,6+39,4),"1","")) | O42: =IF($B42="","",IF(INDEX('Grille AE'!$G$9:$BN$9,1,39)="","",INDEX('Grille AE'!$G$9:$BN$9,1,39))) | P42: =IF($B42="","",IF(INDEX('Grille AE'!$G$8:$BN$8,1,39)="","",INDEX('Grille AE'!$G$8:$BN$8,1,39))) | Q42: =IF($B42="","",COUNTA(INDEX('Grille AE'!$G$16:$BN$25,1,39):INDEX('Grille AE'!$G$16:$BN$25,10,39))+COUNTA(INDEX('Grille AE'!$G$27:$BN$41,1,39):INDEX('Grille AE'!$G$27:$BN$41,15,39))) | R42: =IF(NOT(ISNUMBER($Q42)),"",$Q42/25) | S42: =IF(NOT(ISNUMBER($R42)),"",IF($R42>='KPI Agents'!$F$5,"Oui","Non")) | T42: =IF(NOT(ISNUMBER($A42)),"",MONTH($A42))
A43: =IF(OR(INDEX('Grille AE'!$G$3:$BN$3,1,40)="",INDEX('Grille AE'!$G$5:$BN$5,1,40)=""),"",INDEX('Grille AE'!$G$5:$BN$5,1,40)) | B43: =IFERROR(IF(INDEX('Grille AE'!$G$3:$BN$3,1,40)="","",INDEX('Grille AE'!$G$3:$BN$3,1,40)),"") | C43: =IF($B43="","",IFERROR(INDEX('Grille AE'!$G$4:$BN$4,1,40),"")) | D43: =IF($B43="","","AE") | E43: =IF($B43="","",IF(INDEX('Grille AE'!$G$10:$BN$10,1,40)="","",INDEX('Grille AE'!$G$10:$BN$10,1,40))) | F43: =IF($B43="","",IF(OR(INDEX('Grille AE'!$G$6:$BN$6,1,40)="",INDEX('Grille AE'!$G$7:$BN$7,1,40)=""),"",ROUND(MOD(INDEX('Grille AE'!$G$7:$BN$7,1,40)-INDEX('Grille AE'!$G$6:$BN$6,1,40),1)*1440,0))) | G43: =IF($B43="","",IFERROR(INDEX('Grille AE'!$G$44:$BN$44,1,40),"")) | H43: =IF($B43="","",IFERROR(INDEX('Grille AE'!$G$45:$BN$45,1,40),"")) | I43: =IF($B43="","",IFERROR(INDEX('Grille AE'!$G$46:$BN$46,1,40),"")) | J43: =IF(NOT(ISNUMBER($I43)),"",IF($I43>='KPI Agents'!$E$5,"Objectif Atteint","Non Atteint")) | K43: =IF(NOT(ISNUMBER($A43)),"",_xlfn.ISOWEEKNUM($A43)) | L43: =IF(NOT(ISNUMBER($A43)),"",YEAR($A43)) | M43: =IF($B43="","","Grille AE") | N43: =IF($B43="","",SUBSTITUTE(ADDRESS(1,6+40,4),"1","")) | O43: =IF($B43="","",IF(INDEX('Grille AE'!$G$9:$BN$9,1,40)="","",INDEX('Grille AE'!$G$9:$BN$9,1,40))) | P43: =IF($B43="","",IF(INDEX('Grille AE'!$G$8:$BN$8,1,40)="","",INDEX('Grille AE'!$G$8:$BN$8,1,40))) | Q43: =IF($B43="","",COUNTA(INDEX('Grille AE'!$G$16:$BN$25,1,40):INDEX('Grille AE'!$G$16:$BN$25,10,40))+COUNTA(INDEX('Grille AE'!$G$27:$BN$41,1,40):INDEX('Grille AE'!$G$27:$BN$41,15,40))) | R43: =IF(NOT(ISNUMBER($Q43)),"",$Q43/25) | S43: =IF(NOT(ISNUMBER($R43)),"",IF($R43>='KPI Agents'!$F$5,"Oui","Non")) | T43: =IF(NOT(ISNUMBER($A43)),"",MONTH($A43))
A44: =IF(OR(INDEX('Grille AE'!$G$3:$BN$3,1,41)="",INDEX('Grille AE'!$G$5:$BN$5,1,41)=""),"",INDEX('Grille AE'!$G$5:$BN$5,1,41)) | B44: =IFERROR(IF(INDEX('Grille AE'!$G$3:$BN$3,1,41)="","",INDEX('Grille AE'!$G$3:$BN$3,1,41)),"") | C44: =IF($B44="","",IFERROR(INDEX('Grille AE'!$G$4:$BN$4,1,41),"")) | D44: =IF($B44="","","AE") | E44: =IF($B44="","",IF(INDEX('Grille AE'!$G$10:$BN$10,1,41)="","",INDEX('Grille AE'!$G$10:$BN$10,1,41))) | F44: =IF($B44="","",IF(OR(INDEX('Grille AE'!$G$6:$BN$6,1,41)="",INDEX('Grille AE'!$G$7:$BN$7,1,41)=""),"",ROUND(MOD(INDEX('Grille AE'!$G$7:$BN$7,1,41)-INDEX('Grille AE'!$G$6:$BN$6,1,41),1)*1440,0))) | G44: =IF($B44="","",IFERROR(INDEX('Grille AE'!$G$44:$BN$44,1,41),"")) | H44: =IF($B44="","",IFERROR(INDEX('Grille AE'!$G$45:$BN$45,1,41),"")) | I44: =IF($B44="","",IFERROR(INDEX('Grille AE'!$G$46:$BN$46,1,41),"")) | J44: =IF(NOT(ISNUMBER($I44)),"",IF($I44>='KPI Agents'!$E$5,"Objectif Atteint","Non Atteint")) | K44: =IF(NOT(ISNUMBER($A44)),"",_xlfn.ISOWEEKNUM($A44)) | L44: =IF(NOT(ISNUMBER($A44)),"",YEAR($A44)) | M44: =IF($B44="","","Grille AE") | N44: =IF($B44="","",SUBSTITUTE(ADDRESS(1,6+41,4),"1","")) | O44: =IF($B44="","",IF(INDEX('Grille AE'!$G$9:$BN$9,1,41)="","",INDEX('Grille AE'!$G$9:$BN$9,1,41))) | P44: =IF($B44="","",IF(INDEX('Grille AE'!$G$8:$BN$8,1,41)="","",INDEX('Grille AE'!$G$8:$BN$8,1,41))) | Q44: =IF($B44="","",COUNTA(INDEX('Grille AE'!$G$16:$BN$25,1,41):INDEX('Grille AE'!$G$16:$BN$25,10,41))+COUNTA(INDEX('Grille AE'!$G$27:$BN$41,1,41):INDEX('Grille AE'!$G$27:$BN$41,15,41))) | R44: =IF(NOT(ISNUMBER($Q44)),"",$Q44/25) | S44: =IF(NOT(ISNUMBER($R44)),"",IF($R44>='KPI Agents'!$F$5,"Oui","Non")) | T44: =IF(NOT(ISNUMBER($A44)),"",MONTH($A44))
A45: =IF(OR(INDEX('Grille AE'!$G$3:$BN$3,1,42)="",INDEX('Grille AE'!$G$5:$BN$5,1,42)=""),"",INDEX('Grille AE'!$G$5:$BN$5,1,42)) | B45: =IFERROR(IF(INDEX('Grille AE'!$G$3:$BN$3,1,42)="","",INDEX('Grille AE'!$G$3:$BN$3,1,42)),"") | C45: =IF($B45="","",IFERROR(INDEX('Grille AE'!$G$4:$BN$4,1,42),"")) | D45: =IF($B45="","","AE") | E45: =IF($B45="","",IF(INDEX('Grille AE'!$G$10:$BN$10,1,42)="","",INDEX('Grille AE'!$G$10:$BN$10,1,42))) | F45: =IF($B45="","",IF(OR(INDEX('Grille AE'!$G$6:$BN$6,1,42)="",INDEX('Grille AE'!$G$7:$BN$7,1,42)=""),"",ROUND(MOD(INDEX('Grille AE'!$G$7:$BN$7,1,42)-INDEX('Grille AE'!$G$6:$BN$6,1,42),1)*1440,0))) | G45: =IF($B45="","",IFERROR(INDEX('Grille AE'!$G$44:$BN$44,1,42),"")) | H45: =IF($B45="","",IFERROR(INDEX('Grille AE'!$G$45:$BN$45,1,42),"")) | I45: =IF($B45="","",IFERROR(INDEX('Grille AE'!$G$46:$BN$46,1,42),"")) | J45: =IF(NOT(ISNUMBER($I45)),"",IF($I45>='KPI Agents'!$E$5,"Objectif Atteint","Non Atteint")) | K45: =IF(NOT(ISNUMBER($A45)),"",_xlfn.ISOWEEKNUM($A45)) | L45: =IF(NOT(ISNUMBER($A45)),"",YEAR($A45)) | M45: =IF($B45="","","Grille AE") | N45: =IF($B45="","",SUBSTITUTE(ADDRESS(1,6+42,4),"1","")) | O45: =IF($B45="","",IF(INDEX('Grille AE'!$G$9:$BN$9,1,42)="","",INDEX('Grille AE'!$G$9:$BN$9,1,42))) | P45: =IF($B45="","",IF(INDEX('Grille AE'!$G$8:$BN$8,1,42)="","",INDEX('Grille AE'!$G$8:$BN$8,1,42))) | Q45: =IF($B45="","",COUNTA(INDEX('Grille AE'!$G$16:$BN$25,1,42):INDEX('Grille AE'!$G$16:$BN$25,10,42))+COUNTA(INDEX('Grille AE'!$G$27:$BN$41,1,42):INDEX('Grille AE'!$G$27:$BN$41,15,42))) | R45: =IF(NOT(ISNUMBER($Q45)),"",$Q45/25) | S45: =IF(NOT(ISNUMBER($R45)),"",IF($R45>='KPI Agents'!$F$5,"Oui","Non")) | T45: =IF(NOT(ISNUMBER($A45)),"",MONTH($A45))
A46: =IF(OR(INDEX('Grille AE'!$G$3:$BN$3,1,43)="",INDEX('Grille AE'!$G$5:$BN$5,1,43)=""),"",INDEX('Grille AE'!$G$5:$BN$5,1,43)) | B46: =IFERROR(IF(INDEX('Grille AE'!$G$3:$BN$3,1,43)="","",INDEX('Grille AE'!$G$3:$BN$3,1,43)),"") | C46: =IF($B46="","",IFERROR(INDEX('Grille AE'!$G$4:$BN$4,1,43),"")) | D46: =IF($B46="","","AE") | E46: =IF($B46="","",IF(INDEX('Grille AE'!$G$10:$BN$10,1,43)="","",INDEX('Grille AE'!$G$10:$BN$10,1,43))) | F46: =IF($B46="","",IF(OR(INDEX('Grille AE'!$G$6:$BN$6,1,43)="",INDEX('Grille AE'!$G$7:$BN$7,1,43)=""),"",ROUND(MOD(INDEX('Grille AE'!$G$7:$BN$7,1,43)-INDEX('Grille AE'!$G$6:$BN$6,1,43),1)*1440,0))) | G46: =IF($B46="","",IFERROR(INDEX('Grille AE'!$G$44:$BN$44,1,43),"")) | H46: =IF($B46="","",IFERROR(INDEX('Grille AE'!$G$45:$BN$45,1,43),"")) | I46: =IF($B46="","",IFERROR(INDEX('Grille AE'!$G$46:$BN$46,1,43),"")) | J46: =IF(NOT(ISNUMBER($I46)),"",IF($I46>='KPI Agents'!$E$5,"Objectif Atteint","Non Atteint")) | K46: =IF(NOT(ISNUMBER($A46)),"",_xlfn.ISOWEEKNUM($A46)) | L46: =IF(NOT(ISNUMBER($A46)),"",YEAR($A46)) | M46: =IF($B46="","","Grille AE") | N46: =IF($B46="","",SUBSTITUTE(ADDRESS(1,6+43,4),"1","")) | O46: =IF($B46="","",IF(INDEX('Grille AE'!$G$9:$BN$9,1,43)="","",INDEX('Grille AE'!$G$9:$BN$9,1,43))) | P46: =IF($B46="","",IF(INDEX('Grille AE'!$G$8:$BN$8,1,43)="","",INDEX('Grille AE'!$G$8:$BN$8,1,43))) | Q46: =IF($B46="","",COUNTA(INDEX('Grille AE'!$G$16:$BN$25,1,43):INDEX('Grille AE'!$G$16:$BN$25,10,43))+COUNTA(INDEX('Grille AE'!$G$27:$BN$41,1,43):INDEX('Grille AE'!$G$27:$BN$41,15,43))) | R46: =IF(NOT(ISNUMBER($Q46)),"",$Q46/25) | S46: =IF(NOT(ISNUMBER($R46)),"",IF($R46>='KPI Agents'!$F$5,"Oui","Non")) | T46: =IF(NOT(ISNUMBER($A46)),"",MONTH($A46))
A47: =IF(OR(INDEX('Grille AE'!$G$3:$BN$3,1,44)="",INDEX('Grille AE'!$G$5:$BN$5,1,44)=""),"",INDEX('Grille AE'!$G$5:$BN$5,1,44)) | B47: =IFERROR(IF(INDEX('Grille AE'!$G$3:$BN$3,1,44)="","",INDEX('Grille AE'!$G$3:$BN$3,1,44)),"") | C47: =IF($B47="","",IFERROR(INDEX('Grille AE'!$G$4:$BN$4,1,44),"")) | D47: =IF($B47="","","AE") | E47: =IF($B47="","",IF(INDEX('Grille AE'!$G$10:$BN$10,1,44)="","",INDEX('Grille AE'!$G$10:$BN$10,1,44))) | F47: =IF($B47="","",IF(OR(INDEX('Grille AE'!$G$6:$BN$6,1,44)="",INDEX('Grille AE'!$G$7:$BN$7,1,44)=""),"",ROUND(MOD(INDEX('Grille AE'!$G$7:$BN$7,1,44)-INDEX('Grille AE'!$G$6:$BN$6,1,44),1)*1440,0))) | G47: =IF($B47="","",IFERROR(INDEX('Grille AE'!$G$44:$BN$44,1,44),"")) | H47: =IF($B47="","",IFERROR(INDEX('Grille AE'!$G$45:$BN$45,1,44),"")) | I47: =IF($B47="","",IFERROR(INDEX('Grille AE'!$G$46:$BN$46,1,44),"")) | J47: =IF(NOT(ISNUMBER($I47)),"",IF($I47>='KPI Agents'!$E$5,"Objectif Atteint","Non Atteint")) | K47: =IF(NOT(ISNUMBER($A47)),"",_xlfn.ISOWEEKNUM($A47)) | L47: =IF(NOT(ISNUMBER($A47)),"",YEAR($A47)) | M47: =IF($B47="","","Grille AE") | N47: =IF($B47="","",SUBSTITUTE(ADDRESS(1,6+44,4),"1","")) | O47: =IF($B47="","",IF(INDEX('Grille AE'!$G$9:$BN$9,1,44)="","",INDEX('Grille AE'!$G$9:$BN$9,1,44))) | P47: =IF($B47="","",IF(INDEX('Grille AE'!$G$8:$BN$8,1,44)="","",INDEX('Grille AE'!$G$8:$BN$8,1,44))) | Q47: =IF($B47="","",COUNTA(INDEX('Grille AE'!$G$16:$BN$25,1,44):INDEX('Grille AE'!$G$16:$BN$25,10,44))+COUNTA(INDEX('Grille AE'!$G$27:$BN$41,1,44):INDEX('Grille AE'!$G$27:$BN$41,15,44))) | R47: =IF(NOT(ISNUMBER($Q47)),"",$Q47/25) | S47: =IF(NOT(ISNUMBER($R47)),"",IF($R47>='KPI Agents'!$F$5,"Oui","Non")) | T47: =IF(NOT(ISNUMBER($A47)),"",MONTH($A47))
A48: =IF(OR(INDEX('Grille AE'!$G$3:$BN$3,1,45)="",INDEX('Grille AE'!$G$5:$BN$5,1,45)=""),"",INDEX('Grille AE'!$G$5:$BN$5,1,45)) | B48: =IFERROR(IF(INDEX('Grille AE'!$G$3:$BN$3,1,45)="","",INDEX('Grille AE'!$G$3:$BN$3,1,45)),"") | C48: =IF($B48="","",IFERROR(INDEX('Grille AE'!$G$4:$BN$4,1,45),"")) | D48: =IF($B48="","","AE") | E48: =IF($B48="","",IF(INDEX('Grille AE'!$G$10:$BN$10,1,45)="","",INDEX('Grille AE'!$G$10:$BN$10,1,45))) | F48: =IF($B48="","",IF(OR(INDEX('Grille AE'!$G$6:$BN$6,1,45)="",INDEX('Grille AE'!$G$7:$BN$7,1,45)=""),"",ROUND(MOD(INDEX('Grille AE'!$G$7:$BN$7,1,45)-INDEX('Grille AE'!$G$6:$BN$6,1,45),1)*1440,0))) | G48: =IF($B48="","",IFERROR(INDEX('Grille AE'!$G$44:$BN$44,1,45),"")) | H48: =IF($B48="","",IFERROR(INDEX('Grille AE'!$G$45:$BN$45,1,45),"")) | I48: =IF($B48="","",IFERROR(INDEX('Grille AE'!$G$46:$BN$46,1,45),"")) | J48: =IF(NOT(ISNUMBER($I48)),"",IF($I48>='KPI Agents'!$E$5,"Objectif Atteint","Non Atteint")) | K48: =IF(NOT(ISNUMBER($A48)),"",_xlfn.ISOWEEKNUM($A48)) | L48: =IF(NOT(ISNUMBER($A48)),"",YEAR($A48)) | M48: =IF($B48="","","Grille AE") | N48: =IF($B48="","",SUBSTITUTE(ADDRESS(1,6+45,4),"1","")) | O48: =IF($B48="","",IF(INDEX('Grille AE'!$G$9:$BN$9,1,45)="","",INDEX('Grille AE'!$G$9:$BN$9,1,45))) | P48: =IF($B48="","",IF(INDEX('Grille AE'!$G$8:$BN$8,1,45)="","",INDEX('Grille AE'!$G$8:$BN$8,1,45))) | Q48: =IF($B48="","",COUNTA(INDEX('Grille AE'!$G$16:$BN$25,1,45):INDEX('Grille AE'!$G$16:$BN$25,10,45))+COUNTA(INDEX('Grille AE'!$G$27:$BN$41,1,45):INDEX('Grille AE'!$G$27:$BN$41,15,45))) | R48: =IF(NOT(ISNUMBER($Q48)),"",$Q48/25) | S48: =IF(NOT(ISNUMBER($R48)),"",IF($R48>='KPI Agents'!$F$5,"Oui","Non")) | T48: =IF(NOT(ISNUMBER($A48)),"",MONTH($A48))
A49: =IF(OR(INDEX('Grille AE'!$G$3:$BN$3,1,46)="",INDEX('Grille AE'!$G$5:$BN$5,1,46)=""),"",INDEX('Grille AE'!$G$5:$BN$5,1,46)) | B49: =IFERROR(IF(INDEX('Grille AE'!$G$3:$BN$3,1,46)="","",INDEX('Grille AE'!$G$3:$BN$3,1,46)),"") | C49: =IF($B49="","",IFERROR(INDEX('Grille AE'!$G$4:$BN$4,1,46),"")) | D49: =IF($B49="","","AE") | E49: =IF($B49="","",IF(INDEX('Grille AE'!$G$10:$BN$10,1,46)="","",INDEX('Grille AE'!$G$10:$BN$10,1,46))) | F49: =IF($B49="","",IF(OR(INDEX('Grille AE'!$G$6:$BN$6,1,46)="",INDEX('Grille AE'!$G$7:$BN$7,1,46)=""),"",ROUND(MOD(INDEX('Grille AE'!$G$7:$BN$7,1,46)-INDEX('Grille AE'!$G$6:$BN$6,1,46),1)*1440,0))) | G49: =IF($B49="","",IFERROR(INDEX('Grille AE'!$G$44:$BN$44,1,46),"")) | H49: =IF($B49="","",IFERROR(INDEX('Grille AE'!$G$45:$BN$45,1,46),"")) | I49: =IF($B49="","",IFERROR(INDEX('Grille AE'!$G$46:$BN$46,1,46),"")) | J49: =IF(NOT(ISNUMBER($I49)),"",IF($I49>='KPI Agents'!$E$5,"Objectif Atteint","Non Atteint")) | K49: =IF(NOT(ISNUMBER($A49)),"",_xlfn.ISOWEEKNUM($A49)) | L49: =IF(NOT(ISNUMBER($A49)),"",YEAR($A49)) | M49: =IF($B49="","","Grille AE") | N49: =IF($B49="","",SUBSTITUTE(ADDRESS(1,6+46,4),"1","")) | O49: =IF($B49="","",IF(INDEX('Grille AE'!$G$9:$BN$9,1,46)="","",INDEX('Grille AE'!$G$9:$BN$9,1,46))) | P49: =IF($B49="","",IF(INDEX('Grille AE'!$G$8:$BN$8,1,46)="","",INDEX('Grille AE'!$G$8:$BN$8,1,46))) | Q49: =IF($B49="","",COUNTA(INDEX('Grille AE'!$G$16:$BN$25,1,46):INDEX('Grille AE'!$G$16:$BN$25,10,46))+COUNTA(INDEX('Grille AE'!$G$27:$BN$41,1,46):INDEX('Grille AE'!$G$27:$BN$41,15,46))) | R49: =IF(NOT(ISNUMBER($Q49)),"",$Q49/25) | S49: =IF(NOT(ISNUMBER($R49)),"",IF($R49>='KPI Agents'!$F$5,"Oui","Non")) | T49: =IF(NOT(ISNUMBER($A49)),"",MONTH($A49))
A50: =IF(OR(INDEX('Grille AE'!$G$3:$BN$3,1,47)="",INDEX('Grille AE'!$G$5:$BN$5,1,47)=""),"",INDEX('Grille AE'!$G$5:$BN$5,1,47)) | B50: =IFERROR(IF(INDEX('Grille AE'!$G$3:$BN$3,1,47)="","",INDEX('Grille AE'!$G$3:$BN$3,1,47)),"") | C50: =IF($B50="","",IFERROR(INDEX('Grille AE'!$G$4:$BN$4,1,47),"")) | D50: =IF($B50="","","AE") | E50: =IF($B50="","",IF(INDEX('Grille AE'!$G$10:$BN$10,1,47)="","",INDEX('Grille AE'!$G$10:$BN$10,1,47))) | F50: =IF($B50="","",IF(OR(INDEX('Grille AE'!$G$6:$BN$6,1,47)="",INDEX('Grille AE'!$G$7:$BN$7,1,47)=""),"",ROUND(MOD(INDEX('Grille AE'!$G$7:$BN$7,1,47)-INDEX('Grille AE'!$G$6:$BN$6,1,47),1)*1440,0))) | G50: =IF($B50="","",IFERROR(INDEX('Grille AE'!$G$44:$BN$44,1,47),"")) | H50: =IF($B50="","",IFERROR(INDEX('Grille AE'!$G$45:$BN$45,1,47),"")) | I50: =IF($B50="","",IFERROR(INDEX('Grille AE'!$G$46:$BN$46,1,47),"")) | J50: =IF(NOT(ISNUMBER($I50)),"",IF($I50>='KPI Agents'!$E$5,"Objectif Atteint","Non Atteint")) | K50: =IF(NOT(ISNUMBER($A50)),"",_xlfn.ISOWEEKNUM($A50)) | L50: =IF(NOT(ISNUMBER($A50)),"",YEAR($A50)) | M50: =IF($B50="","","Grille AE") | N50: =IF($B50="","",SUBSTITUTE(ADDRESS(1,6+47,4),"1","")) | O50: =IF($B50="","",IF(INDEX('Grille AE'!$G$9:$BN$9,1,47)="","",INDEX('Grille AE'!$G$9:$BN$9,1,47))) | P50: =IF($B50="","",IF(INDEX('Grille AE'!$G$8:$BN$8,1,47)="","",INDEX('Grille AE'!$G$8:$BN$8,1,47))) | Q50: =IF($B50="","",COUNTA(INDEX('Grille AE'!$G$16:$BN$25,1,47):INDEX('Grille AE'!$G$16:$BN$25,10,47))+COUNTA(INDEX('Grille AE'!$G$27:$BN$41,1,47):INDEX('Grille AE'!$G$27:$BN$41,15,47))) | R50: =IF(NOT(ISNUMBER($Q50)),"",$Q50/25) | S50: =IF(NOT(ISNUMBER($R50)),"",IF($R50>='KPI Agents'!$F$5,"Oui","Non")) | T50: =IF(NOT(ISNUMBER($A50)),"",MONTH($A50))
A51: =IF(OR(INDEX('Grille AE'!$G$3:$BN$3,1,48)="",INDEX('Grille AE'!$G$5:$BN$5,1,48)=""),"",INDEX('Grille AE'!$G$5:$BN$5,1,48)) | B51: =IFERROR(IF(INDEX('Grille AE'!$G$3:$BN$3,1,48)="","",INDEX('Grille AE'!$G$3:$BN$3,1,48)),"") | C51: =IF($B51="","",IFERROR(INDEX('Grille AE'!$G$4:$BN$4,1,48),"")) | D51: =IF($B51="","","AE") | E51: =IF($B51="","",IF(INDEX('Grille AE'!$G$10:$BN$10,1,48)="","",INDEX('Grille AE'!$G$10:$BN$10,1,48))) | F51: =IF($B51="","",IF(OR(INDEX('Grille AE'!$G$6:$BN$6,1,48)="",INDEX('Grille AE'!$G$7:$BN$7,1,48)=""),"",ROUND(MOD(INDEX('Grille AE'!$G$7:$BN$7,1,48)-INDEX('Grille AE'!$G$6:$BN$6,1,48),1)*1440,0))) | G51: =IF($B51="","",IFERROR(INDEX('Grille AE'!$G$44:$BN$44,1,48),"")) | H51: =IF($B51="","",IFERROR(INDEX('Grille AE'!$G$45:$BN$45,1,48),"")) | I51: =IF($B51="","",IFERROR(INDEX('Grille AE'!$G$46:$BN$46,1,48),"")) | J51: =IF(NOT(ISNUMBER($I51)),"",IF($I51>='KPI Agents'!$E$5,"Objectif Atteint","Non Atteint")) | K51: =IF(NOT(ISNUMBER($A51)),"",_xlfn.ISOWEEKNUM($A51)) | L51: =IF(NOT(ISNUMBER($A51)),"",YEAR($A51)) | M51: =IF($B51="","","Grille AE") | N51: =IF($B51="","",SUBSTITUTE(ADDRESS(1,6+48,4),"1","")) | O51: =IF($B51="","",IF(INDEX('Grille AE'!$G$9:$BN$9,1,48)="","",INDEX('Grille AE'!$G$9:$BN$9,1,48))) | P51: =IF($B51="","",IF(INDEX('Grille AE'!$G$8:$BN$8,1,48)="","",INDEX('Grille AE'!$G$8:$BN$8,1,48))) | Q51: =IF($B51="","",COUNTA(INDEX('Grille AE'!$G$16:$BN$25,1,48):INDEX('Grille AE'!$G$16:$BN$25,10,48))+COUNTA(INDEX('Grille AE'!$G$27:$BN$41,1,48):INDEX('Grille AE'!$G$27:$BN$41,15,48))) | R51: =IF(NOT(ISNUMBER($Q51)),"",$Q51/25) | S51: =IF(NOT(ISNUMBER($R51)),"",IF($R51>='KPI Agents'!$F$5,"Oui","Non")) | T51: =IF(NOT(ISNUMBER($A51)),"",MONTH($A51))
A52: =IF(OR(INDEX('Grille AE'!$G$3:$BN$3,1,49)="",INDEX('Grille AE'!$G$5:$BN$5,1,49)=""),"",INDEX('Grille AE'!$G$5:$BN$5,1,49)) | B52: =IFERROR(IF(INDEX('Grille AE'!$G$3:$BN$3,1,49)="","",INDEX('Grille AE'!$G$3:$BN$3,1,49)),"") | C52: =IF($B52="","",IFERROR(INDEX('Grille AE'!$G$4:$BN$4,1,49),"")) | D52: =IF($B52="","","AE") | E52: =IF($B52="","",IF(INDEX('Grille AE'!$G$10:$BN$10,1,49)="","",INDEX('Grille AE'!$G$10:$BN$10,1,49))) | F52: =IF($B52="","",IF(OR(INDEX('Grille AE'!$G$6:$BN$6,1,49)="",INDEX('Grille AE'!$G$7:$BN$7,1,49)=""),"",ROUND(MOD(INDEX('Grille AE'!$G$7:$BN$7,1,49)-INDEX('Grille AE'!$G$6:$BN$6,1,49),1)*1440,0))) | G52: =IF($B52="","",IFERROR(INDEX('Grille AE'!$G$44:$BN$44,1,49),"")) | H52: =IF($B52="","",IFERROR(INDEX('Grille AE'!$G$45:$BN$45,1,49),"")) | I52: =IF($B52="","",IFERROR(INDEX('Grille AE'!$G$46:$BN$46,1,49),"")) | J52: =IF(NOT(ISNUMBER($I52)),"",IF($I52>='KPI Agents'!$E$5,"Objectif Atteint","Non Atteint")) | K52: =IF(NOT(ISNUMBER($A52)),"",_xlfn.ISOWEEKNUM($A52)) | L52: =IF(NOT(ISNUMBER($A52)),"",YEAR($A52)) | M52: =IF($B52="","","Grille AE") | N52: =IF($B52="","",SUBSTITUTE(ADDRESS(1,6+49,4),"1","")) | O52: =IF($B52="","",IF(INDEX('Grille AE'!$G$9:$BN$9,1,49)="","",INDEX('Grille AE'!$G$9:$BN$9,1,49))) | P52: =IF($B52="","",IF(INDEX('Grille AE'!$G$8:$BN$8,1,49)="","",INDEX('Grille AE'!$G$8:$BN$8,1,49))) | Q52: =IF($B52="","",COUNTA(INDEX('Grille AE'!$G$16:$BN$25,1,49):INDEX('Grille AE'!$G$16:$BN$25,10,49))+COUNTA(INDEX('Grille AE'!$G$27:$BN$41,1,49):INDEX('Grille AE'!$G$27:$BN$41,15,49))) | R52: =IF(NOT(ISNUMBER($Q52)),"",$Q52/25) | S52: =IF(NOT(ISNUMBER($R52)),"",IF($R52>='KPI Agents'!$F$5,"Oui","Non")) | T52: =IF(NOT(ISNUMBER($A52)),"",MONTH($A52))
A53: =IF(OR(INDEX('Grille AE'!$G$3:$BN$3,1,50)="",INDEX('Grille AE'!$G$5:$BN$5,1,50)=""),"",INDEX('Grille AE'!$G$5:$BN$5,1,50)) | B53: =IFERROR(IF(INDEX('Grille AE'!$G$3:$BN$3,1,50)="","",INDEX('Grille AE'!$G$3:$BN$3,1,50)),"") | C53: =IF($B53="","",IFERROR(INDEX('Grille AE'!$G$4:$BN$4,1,50),"")) | D53: =IF($B53="","","AE") | E53: =IF($B53="","",IF(INDEX('Grille AE'!$G$10:$BN$10,1,50)="","",INDEX('Grille AE'!$G$10:$BN$10,1,50))) | F53: =IF($B53="","",IF(OR(INDEX('Grille AE'!$G$6:$BN$6,1,50)="",INDEX('Grille AE'!$G$7:$BN$7,1,50)=""),"",ROUND(MOD(INDEX('Grille AE'!$G$7:$BN$7,1,50)-INDEX('Grille AE'!$G$6:$BN$6,1,50),1)*1440,0))) | G53: =IF($B53="","",IFERROR(INDEX('Grille AE'!$G$44:$BN$44,1,50),"")) | H53: =IF($B53="","",IFERROR(INDEX('Grille AE'!$G$45:$BN$45,1,50),"")) | I53: =IF($B53="","",IFERROR(INDEX('Grille AE'!$G$46:$BN$46,1,50),"")) | J53: =IF(NOT(ISNUMBER($I53)),"",IF($I53>='KPI Agents'!$E$5,"Objectif Atteint","Non Atteint")) | K53: =IF(NOT(ISNUMBER($A53)),"",_xlfn.ISOWEEKNUM($A53)) | L53: =IF(NOT(ISNUMBER($A53)),"",YEAR($A53)) | M53: =IF($B53="","","Grille AE") | N53: =IF($B53="","",SUBSTITUTE(ADDRESS(1,6+50,4),"1","")) | O53: =IF($B53="","",IF(INDEX('Grille AE'!$G$9:$BN$9,1,50)="","",INDEX('Grille AE'!$G$9:$BN$9,1,50))) | P53: =IF($B53="","",IF(INDEX('Grille AE'!$G$8:$BN$8,1,50)="","",INDEX('Grille AE'!$G$8:$BN$8,1,50))) | Q53: =IF($B53="","",COUNTA(INDEX('Grille AE'!$G$16:$BN$25,1,50):INDEX('Grille AE'!$G$16:$BN$25,10,50))+COUNTA(INDEX('Grille AE'!$G$27:$BN$41,1,50):INDEX('Grille AE'!$G$27:$BN$41,15,50))) | R53: =IF(NOT(ISNUMBER($Q53)),"",$Q53/25) | S53: =IF(NOT(ISNUMBER($R53)),"",IF($R53>='KPI Agents'!$F$5,"Oui","Non")) | T53: =IF(NOT(ISNUMBER($A53)),"",MONTH($A53))
A54: =IF(OR(INDEX('Grille AE'!$G$3:$BN$3,1,51)="",INDEX('Grille AE'!$G$5:$BN$5,1,51)=""),"",INDEX('Grille AE'!$G$5:$BN$5,1,51)) | B54: =IFERROR(IF(INDEX('Grille AE'!$G$3:$BN$3,1,51)="","",INDEX('Grille AE'!$G$3:$BN$3,1,51)),"") | C54: =IF($B54="","",IFERROR(INDEX('Grille AE'!$G$4:$BN$4,1,51),"")) | D54: =IF($B54="","","AE") | E54: =IF($B54="","",IF(INDEX('Grille AE'!$G$10:$BN$10,1,51)="","",INDEX('Grille AE'!$G$10:$BN$10,1,51))) | F54: =IF($B54="","",IF(OR(INDEX('Grille AE'!$G$6:$BN$6,1,51)="",INDEX('Grille AE'!$G$7:$BN$7,1,51)=""),"",ROUND(MOD(INDEX('Grille AE'!$G$7:$BN$7,1,51)-INDEX('Grille AE'!$G$6:$BN$6,1,51),1)*1440,0))) | G54: =IF($B54="","",IFERROR(INDEX('Grille AE'!$G$44:$BN$44,1,51),"")) | H54: =IF($B54="","",IFERROR(INDEX('Grille AE'!$G$45:$BN$45,1,51),"")) | I54: =IF($B54="","",IFERROR(INDEX('Grille AE'!$G$46:$BN$46,1,51),"")) | J54: =IF(NOT(ISNUMBER($I54)),"",IF($I54>='KPI Agents'!$E$5,"Objectif Atteint","Non Atteint")) | K54: =IF(NOT(ISNUMBER($A54)),"",_xlfn.ISOWEEKNUM($A54)) | L54: =IF(NOT(ISNUMBER($A54)),"",YEAR($A54)) | M54: =IF($B54="","","Grille AE") | N54: =IF($B54="","",SUBSTITUTE(ADDRESS(1,6+51,4),"1","")) | O54: =IF($B54="","",IF(INDEX('Grille AE'!$G$9:$BN$9,1,51)="","",INDEX('Grille AE'!$G$9:$BN$9,1,51))) | P54: =IF($B54="","",IF(INDEX('Grille AE'!$G$8:$BN$8,1,51)="","",INDEX('Grille AE'!$G$8:$BN$8,1,51))) | Q54: =IF($B54="","",COUNTA(INDEX('Grille AE'!$G$16:$BN$25,1,51):INDEX('Grille AE'!$G$16:$BN$25,10,51))+COUNTA(INDEX('Grille AE'!$G$27:$BN$41,1,51):INDEX('Grille AE'!$G$27:$BN$41,15,51))) | R54: =IF(NOT(ISNUMBER($Q54)),"",$Q54/25) | S54: =IF(NOT(ISNUMBER($R54)),"",IF($R54>='KPI Agents'!$F$5,"Oui","Non")) | T54: =IF(NOT(ISNUMBER($A54)),"",MONTH($A54))
A55: =IF(OR(INDEX('Grille AE'!$G$3:$BN$3,1,52)="",INDEX('Grille AE'!$G$5:$BN$5,1,52)=""),"",INDEX('Grille AE'!$G$5:$BN$5,1,52)) | B55: =IFERROR(IF(INDEX('Grille AE'!$G$3:$BN$3,1,52)="","",INDEX('Grille AE'!$G$3:$BN$3,1,52)),"") | C55: =IF($B55="","",IFERROR(INDEX('Grille AE'!$G$4:$BN$4,1,52),"")) | D55: =IF($B55="","","AE") | E55: =IF($B55="","",IF(INDEX('Grille AE'!$G$10:$BN$10,1,52)="","",INDEX('Grille AE'!$G$10:$BN$10,1,52))) | F55: =IF($B55="","",IF(OR(INDEX('Grille AE'!$G$6:$BN$6,1,52)="",INDEX('Grille AE'!$G$7:$BN$7,1,52)=""),"",ROUND(MOD(INDEX('Grille AE'!$G$7:$BN$7,1,52)-INDEX('Grille AE'!$G$6:$BN$6,1,52),1)*1440,0))) | G55: =IF($B55="","",IFERROR(INDEX('Grille AE'!$G$44:$BN$44,1,52),"")) | H55: =IF($B55="","",IFERROR(INDEX('Grille AE'!$G$45:$BN$45,1,52),"")) | I55: =IF($B55="","",IFERROR(INDEX('Grille AE'!$G$46:$BN$46,1,52),"")) | J55: =IF(NOT(ISNUMBER($I55)),"",IF($I55>='KPI Agents'!$E$5,"Objectif Atteint","Non Atteint")) | K55: =IF(NOT(ISNUMBER($A55)),"",_xlfn.ISOWEEKNUM($A55)) | L55: =IF(NOT(ISNUMBER($A55)),"",YEAR($A55)) | M55: =IF($B55="","","Grille AE") | N55: =IF($B55="","",SUBSTITUTE(ADDRESS(1,6+52,4),"1","")) | O55: =IF($B55="","",IF(INDEX('Grille AE'!$G$9:$BN$9,1,52)="","",INDEX('Grille AE'!$G$9:$BN$9,1,52))) | P55: =IF($B55="","",IF(INDEX('Grille AE'!$G$8:$BN$8,1,52)="","",INDEX('Grille AE'!$G$8:$BN$8,1,52))) | Q55: =IF($B55="","",COUNTA(INDEX('Grille AE'!$G$16:$BN$25,1,52):INDEX('Grille AE'!$G$16:$BN$25,10,52))+COUNTA(INDEX('Grille AE'!$G$27:$BN$41,1,52):INDEX('Grille AE'!$G$27:$BN$41,15,52))) | R55: =IF(NOT(ISNUMBER($Q55)),"",$Q55/25) | S55: =IF(NOT(ISNUMBER($R55)),"",IF($R55>='KPI Agents'!$F$5,"Oui","Non")) | T55: =IF(NOT(ISNUMBER($A55)),"",MONTH($A55))
A56: =IF(OR(INDEX('Grille AE'!$G$3:$BN$3,1,53)="",INDEX('Grille AE'!$G$5:$BN$5,1,53)=""),"",INDEX('Grille AE'!$G$5:$BN$5,1,53)) | B56: =IFERROR(IF(INDEX('Grille AE'!$G$3:$BN$3,1,53)="","",INDEX('Grille AE'!$G$3:$BN$3,1,53)),"") | C56: =IF($B56="","",IFERROR(INDEX('Grille AE'!$G$4:$BN$4,1,53),"")) | D56: =IF($B56="","","AE") | E56: =IF($B56="","",IF(INDEX('Grille AE'!$G$10:$BN$10,1,53)="","",INDEX('Grille AE'!$G$10:$BN$10,1,53))) | F56: =IF($B56="","",IF(OR(INDEX('Grille AE'!$G$6:$BN$6,1,53)="",INDEX('Grille AE'!$G$7:$BN$7,1,53)=""),"",ROUND(MOD(INDEX('Grille AE'!$G$7:$BN$7,1,53)-INDEX('Grille AE'!$G$6:$BN$6,1,53),1)*1440,0))) | G56: =IF($B56="","",IFERROR(INDEX('Grille AE'!$G$44:$BN$44,1,53),"")) | H56: =IF($B56="","",IFERROR(INDEX('Grille AE'!$G$45:$BN$45,1,53),"")) | I56: =IF($B56="","",IFERROR(INDEX('Grille AE'!$G$46:$BN$46,1,53),"")) | J56: =IF(NOT(ISNUMBER($I56)),"",IF($I56>='KPI Agents'!$E$5,"Objectif Atteint","Non Atteint")) | K56: =IF(NOT(ISNUMBER($A56)),"",_xlfn.ISOWEEKNUM($A56)) | L56: =IF(NOT(ISNUMBER($A56)),"",YEAR($A56)) | M56: =IF($B56="","","Grille AE") | N56: =IF($B56="","",SUBSTITUTE(ADDRESS(1,6+53,4),"1","")) | O56: =IF($B56="","",IF(INDEX('Grille AE'!$G$9:$BN$9,1,53)="","",INDEX('Grille AE'!$G$9:$BN$9,1,53))) | P56: =IF($B56="","",IF(INDEX('Grille AE'!$G$8:$BN$8,1,53)="","",INDEX('Grille AE'!$G$8:$BN$8,1,53))) | Q56: =IF($B56="","",COUNTA(INDEX('Grille AE'!$G$16:$BN$25,1,53):INDEX('Grille AE'!$G$16:$BN$25,10,53))+COUNTA(INDEX('Grille AE'!$G$27:$BN$41,1,53):INDEX('Grille AE'!$G$27:$BN$41,15,53))) | R56: =IF(NOT(ISNUMBER($Q56)),"",$Q56/25) | S56: =IF(NOT(ISNUMBER($R56)),"",IF($R56>='KPI Agents'!$F$5,"Oui","Non")) | T56: =IF(NOT(ISNUMBER($A56)),"",MONTH($A56))
A57: =IF(OR(INDEX('Grille AE'!$G$3:$BN$3,1,54)="",INDEX('Grille AE'!$G$5:$BN$5,1,54)=""),"",INDEX('Grille AE'!$G$5:$BN$5,1,54)) | B57: =IFERROR(IF(INDEX('Grille AE'!$G$3:$BN$3,1,54)="","",INDEX('Grille AE'!$G$3:$BN$3,1,54)),"") | C57: =IF($B57="","",IFERROR(INDEX('Grille AE'!$G$4:$BN$4,1,54),"")) | D57: =IF($B57="","","AE") | E57: =IF($B57="","",IF(INDEX('Grille AE'!$G$10:$BN$10,1,54)="","",INDEX('Grille AE'!$G$10:$BN$10,1,54))) | F57: =IF($B57="","",IF(OR(INDEX('Grille AE'!$G$6:$BN$6,1,54)="",INDEX('Grille AE'!$G$7:$BN$7,1,54)=""),"",ROUND(MOD(INDEX('Grille AE'!$G$7:$BN$7,1,54)-INDEX('Grille AE'!$G$6:$BN$6,1,54),1)*1440,0))) | G57: =IF($B57="","",IFERROR(INDEX('Grille AE'!$G$44:$BN$44,1,54),"")) | H57: =IF($B57="","",IFERROR(INDEX('Grille AE'!$G$45:$BN$45,1,54),"")) | I57: =IF($B57="","",IFERROR(INDEX('Grille AE'!$G$46:$BN$46,1,54),"")) | J57: =IF(NOT(ISNUMBER($I57)),"",IF($I57>='KPI Agents'!$E$5,"Objectif Atteint","Non Atteint")) | K57: =IF(NOT(ISNUMBER($A57)),"",_xlfn.ISOWEEKNUM($A57)) | L57: =IF(NOT(ISNUMBER($A57)),"",YEAR($A57)) | M57: =IF($B57="","","Grille AE") | N57: =IF($B57="","",SUBSTITUTE(ADDRESS(1,6+54,4),"1","")) | O57: =IF($B57="","",IF(INDEX('Grille AE'!$G$9:$BN$9,1,54)="","",INDEX('Grille AE'!$G$9:$BN$9,1,54))) | P57: =IF($B57="","",IF(INDEX('Grille AE'!$G$8:$BN$8,1,54)="","",INDEX('Grille AE'!$G$8:$BN$8,1,54))) | Q57: =IF($B57="","",COUNTA(INDEX('Grille AE'!$G$16:$BN$25,1,54):INDEX('Grille AE'!$G$16:$BN$25,10,54))+COUNTA(INDEX('Grille AE'!$G$27:$BN$41,1,54):INDEX('Grille AE'!$G$27:$BN$41,15,54))) | R57: =IF(NOT(ISNUMBER($Q57)),"",$Q57/25) | S57: =IF(NOT(ISNUMBER($R57)),"",IF($R57>='KPI Agents'!$F$5,"Oui","Non")) | T57: =IF(NOT(ISNUMBER($A57)),"",MONTH($A57))
A58: =IF(OR(INDEX('Grille AE'!$G$3:$BN$3,1,55)="",INDEX('Grille AE'!$G$5:$BN$5,1,55)=""),"",INDEX('Grille AE'!$G$5:$BN$5,1,55)) | B58: =IFERROR(IF(INDEX('Grille AE'!$G$3:$BN$3,1,55)="","",INDEX('Grille AE'!$G$3:$BN$3,1,55)),"") | C58: =IF($B58="","",IFERROR(INDEX('Grille AE'!$G$4:$BN$4,1,55),"")) | D58: =IF($B58="","","AE") | E58: =IF($B58="","",IF(INDEX('Grille AE'!$G$10:$BN$10,1,55)="","",INDEX('Grille AE'!$G$10:$BN$10,1,55))) | F58: =IF($B58="","",IF(OR(INDEX('Grille AE'!$G$6:$BN$6,1,55)="",INDEX('Grille AE'!$G$7:$BN$7,1,55)=""),"",ROUND(MOD(INDEX('Grille AE'!$G$7:$BN$7,1,55)-INDEX('Grille AE'!$G$6:$BN$6,1,55),1)*1440,0))) | G58: =IF($B58="","",IFERROR(INDEX('Grille AE'!$G$44:$BN$44,1,55),"")) | H58: =IF($B58="","",IFERROR(INDEX('Grille AE'!$G$45:$BN$45,1,55),"")) | I58: =IF($B58="","",IFERROR(INDEX('Grille AE'!$G$46:$BN$46,1,55),"")) | J58: =IF(NOT(ISNUMBER($I58)),"",IF($I58>='KPI Agents'!$E$5,"Objectif Atteint","Non Atteint")) | K58: =IF(NOT(ISNUMBER($A58)),"",_xlfn.ISOWEEKNUM($A58)) | L58: =IF(NOT(ISNUMBER($A58)),"",YEAR($A58)) | M58: =IF($B58="","","Grille AE") | N58: =IF($B58="","",SUBSTITUTE(ADDRESS(1,6+55,4),"1","")) | O58: =IF($B58="","",IF(INDEX('Grille AE'!$G$9:$BN$9,1,55)="","",INDEX('Grille AE'!$G$9:$BN$9,1,55))) | P58: =IF($B58="","",IF(INDEX('Grille AE'!$G$8:$BN$8,1,55)="","",INDEX('Grille AE'!$G$8:$BN$8,1,55))) | Q58: =IF($B58="","",COUNTA(INDEX('Grille AE'!$G$16:$BN$25,1,55):INDEX('Grille AE'!$G$16:$BN$25,10,55))+COUNTA(INDEX('Grille AE'!$G$27:$BN$41,1,55):INDEX('Grille AE'!$G$27:$BN$41,15,55))) | R58: =IF(NOT(ISNUMBER($Q58)),"",$Q58/25) | S58: =IF(NOT(ISNUMBER($R58)),"",IF($R58>='KPI Agents'!$F$5,"Oui","Non")) | T58: =IF(NOT(ISNUMBER($A58)),"",MONTH($A58))
A59: =IF(OR(INDEX('Grille AE'!$G$3:$BN$3,1,56)="",INDEX('Grille AE'!$G$5:$BN$5,1,56)=""),"",INDEX('Grille AE'!$G$5:$BN$5,1,56)) | B59: =IFERROR(IF(INDEX('Grille AE'!$G$3:$BN$3,1,56)="","",INDEX('Grille AE'!$G$3:$BN$3,1,56)),"") | C59: =IF($B59="","",IFERROR(INDEX('Grille AE'!$G$4:$BN$4,1,56),"")) | D59: =IF($B59="","","AE") | E59: =IF($B59="","",IF(INDEX('Grille AE'!$G$10:$BN$10,1,56)="","",INDEX('Grille AE'!$G$10:$BN$10,1,56))) | F59: =IF($B59="","",IF(OR(INDEX('Grille AE'!$G$6:$BN$6,1,56)="",INDEX('Grille AE'!$G$7:$BN$7,1,56)=""),"",ROUND(MOD(INDEX('Grille AE'!$G$7:$BN$7,1,56)-INDEX('Grille AE'!$G$6:$BN$6,1,56),1)*1440,0))) | G59: =IF($B59="","",IFERROR(INDEX('Grille AE'!$G$44:$BN$44,1,56),"")) | H59: =IF($B59="","",IFERROR(INDEX('Grille AE'!$G$45:$BN$45,1,56),"")) | I59: =IF($B59="","",IFERROR(INDEX('Grille AE'!$G$46:$BN$46,1,56),"")) | J59: =IF(NOT(ISNUMBER($I59)),"",IF($I59>='KPI Agents'!$E$5,"Objectif Atteint","Non Atteint")) | K59: =IF(NOT(ISNUMBER($A59)),"",_xlfn.ISOWEEKNUM($A59)) | L59: =IF(NOT(ISNUMBER($A59)),"",YEAR($A59)) | M59: =IF($B59="","","Grille AE") | N59: =IF($B59="","",SUBSTITUTE(ADDRESS(1,6+56,4),"1","")) | O59: =IF($B59="","",IF(INDEX('Grille AE'!$G$9:$BN$9,1,56)="","",INDEX('Grille AE'!$G$9:$BN$9,1,56))) | P59: =IF($B59="","",IF(INDEX('Grille AE'!$G$8:$BN$8,1,56)="","",INDEX('Grille AE'!$G$8:$BN$8,1,56))) | Q59: =IF($B59="","",COUNTA(INDEX('Grille AE'!$G$16:$BN$25,1,56):INDEX('Grille AE'!$G$16:$BN$25,10,56))+COUNTA(INDEX('Grille AE'!$G$27:$BN$41,1,56):INDEX('Grille AE'!$G$27:$BN$41,15,56))) | R59: =IF(NOT(ISNUMBER($Q59)),"",$Q59/25) | S59: =IF(NOT(ISNUMBER($R59)),"",IF($R59>='KPI Agents'!$F$5,"Oui","Non")) | T59: =IF(NOT(ISNUMBER($A59)),"",MONTH($A59))
A60: =IF(OR(INDEX('Grille AE'!$G$3:$BN$3,1,57)="",INDEX('Grille AE'!$G$5:$BN$5,1,57)=""),"",INDEX('Grille AE'!$G$5:$BN$5,1,57)) | B60: =IFERROR(IF(INDEX('Grille AE'!$G$3:$BN$3,1,57)="","",INDEX('Grille AE'!$G$3:$BN$3,1,57)),"") | C60: =IF($B60="","",IFERROR(INDEX('Grille AE'!$G$4:$BN$4,1,57),"")) | D60: =IF($B60="","","AE") | E60: =IF($B60="","",IF(INDEX('Grille AE'!$G$10:$BN$10,1,57)="","",INDEX('Grille AE'!$G$10:$BN$10,1,57))) | F60: =IF($B60="","",IF(OR(INDEX('Grille AE'!$G$6:$BN$6,1,57)="",INDEX('Grille AE'!$G$7:$BN$7,1,57)=""),"",ROUND(MOD(INDEX('Grille AE'!$G$7:$BN$7,1,57)-INDEX('Grille AE'!$G$6:$BN$6,1,57),1)*1440,0))) | G60: =IF($B60="","",IFERROR(INDEX('Grille AE'!$G$44:$BN$44,1,57),"")) | H60: =IF($B60="","",IFERROR(INDEX('Grille AE'!$G$45:$BN$45,1,57),"")) | I60: =IF($B60="","",IFERROR(INDEX('Grille AE'!$G$46:$BN$46,1,57),"")) | J60: =IF(NOT(ISNUMBER($I60)),"",IF($I60>='KPI Agents'!$E$5,"Objectif Atteint","Non Atteint")) | K60: =IF(NOT(ISNUMBER($A60)),"",_xlfn.ISOWEEKNUM($A60)) | L60: =IF(NOT(ISNUMBER($A60)),"",YEAR($A60)) | M60: =IF($B60="","","Grille AE") | N60: =IF($B60="","",SUBSTITUTE(ADDRESS(1,6+57,4),"1","")) | O60: =IF($B60="","",IF(INDEX('Grille AE'!$G$9:$BN$9,1,57)="","",INDEX('Grille AE'!$G$9:$BN$9,1,57))) | P60: =IF($B60="","",IF(INDEX('Grille AE'!$G$8:$BN$8,1,57)="","",INDEX('Grille AE'!$G$8:$BN$8,1,57))) | Q60: =IF($B60="","",COUNTA(INDEX('Grille AE'!$G$16:$BN$25,1,57):INDEX('Grille AE'!$G$16:$BN$25,10,57))+COUNTA(INDEX('Grille AE'!$G$27:$BN$41,1,57):INDEX('Grille AE'!$G$27:$BN$41,15,57))) | R60: =IF(NOT(ISNUMBER($Q60)),"",$Q60/25) | S60: =IF(NOT(ISNUMBER($R60)),"",IF($R60>='KPI Agents'!$F$5,"Oui","Non")) | T60: =IF(NOT(ISNUMBER($A60)),"",MONTH($A60))
A61: =IF(OR(INDEX('Grille AE'!$G$3:$BN$3,1,58)="",INDEX('Grille AE'!$G$5:$BN$5,1,58)=""),"",INDEX('Grille AE'!$G$5:$BN$5,1,58)) | B61: =IFERROR(IF(INDEX('Grille AE'!$G$3:$BN$3,1,58)="","",INDEX('Grille AE'!$G$3:$BN$3,1,58)),"") | C61: =IF($B61="","",IFERROR(INDEX('Grille AE'!$G$4:$BN$4,1,58),"")) | D61: =IF($B61="","","AE") | E61: =IF($B61="","",IF(INDEX('Grille AE'!$G$10:$BN$10,1,58)="","",INDEX('Grille AE'!$G$10:$BN$10,1,58))) | F61: =IF($B61="","",IF(OR(INDEX('Grille AE'!$G$6:$BN$6,1,58)="",INDEX('Grille AE'!$G$7:$BN$7,1,58)=""),"",ROUND(MOD(INDEX('Grille AE'!$G$7:$BN$7,1,58)-INDEX('Grille AE'!$G$6:$BN$6,1,58),1)*1440,0))) | G61: =IF($B61="","",IFERROR(INDEX('Grille AE'!$G$44:$BN$44,1,58),"")) | H61: =IF($B61="","",IFERROR(INDEX('Grille AE'!$G$45:$BN$45,1,58),"")) | I61: =IF($B61="","",IFERROR(INDEX('Grille AE'!$G$46:$BN$46,1,58),"")) | J61: =IF(NOT(ISNUMBER($I61)),"",IF($I61>='KPI Agents'!$E$5,"Objectif Atteint","Non Atteint")) | K61: =IF(NOT(ISNUMBER($A61)),"",_xlfn.ISOWEEKNUM($A61)) | L61: =IF(NOT(ISNUMBER($A61)),"",YEAR($A61)) | M61: =IF($B61="","","Grille AE") | N61: =IF($B61="","",SUBSTITUTE(ADDRESS(1,6+58,4),"1","")) | O61: =IF($B61="","",IF(INDEX('Grille AE'!$G$9:$BN$9,1,58)="","",INDEX('Grille AE'!$G$9:$BN$9,1,58))) | P61: =IF($B61="","",IF(INDEX('Grille AE'!$G$8:$BN$8,1,58)="","",INDEX('Grille AE'!$G$8:$BN$8,1,58))) | Q61: =IF($B61="","",COUNTA(INDEX('Grille AE'!$G$16:$BN$25,1,58):INDEX('Grille AE'!$G$16:$BN$25,10,58))+COUNTA(INDEX('Grille AE'!$G$27:$BN$41,1,58):INDEX('Grille AE'!$G$27:$BN$41,15,58))) | R61: =IF(NOT(ISNUMBER($Q61)),"",$Q61/25) | S61: =IF(NOT(ISNUMBER($R61)),"",IF($R61>='KPI Agents'!$F$5,"Oui","Non")) | T61: =IF(NOT(ISNUMBER($A61)),"",MONTH($A61))
A62: =IF(OR(INDEX('Grille AE'!$G$3:$BN$3,1,59)="",INDEX('Grille AE'!$G$5:$BN$5,1,59)=""),"",INDEX('Grille AE'!$G$5:$BN$5,1,59)) | B62: =IFERROR(IF(INDEX('Grille AE'!$G$3:$BN$3,1,59)="","",INDEX('Grille AE'!$G$3:$BN$3,1,59)),"") | C62: =IF($B62="","",IFERROR(INDEX('Grille AE'!$G$4:$BN$4,1,59),"")) | D62: =IF($B62="","","AE") | E62: =IF($B62="","",IF(INDEX('Grille AE'!$G$10:$BN$10,1,59)="","",INDEX('Grille AE'!$G$10:$BN$10,1,59))) | F62: =IF($B62="","",IF(OR(INDEX('Grille AE'!$G$6:$BN$6,1,59)="",INDEX('Grille AE'!$G$7:$BN$7,1,59)=""),"",ROUND(MOD(INDEX('Grille AE'!$G$7:$BN$7,1,59)-INDEX('Grille AE'!$G$6:$BN$6,1,59),1)*1440,0))) | G62: =IF($B62="","",IFERROR(INDEX('Grille AE'!$G$44:$BN$44,1,59),"")) | H62: =IF($B62="","",IFERROR(INDEX('Grille AE'!$G$45:$BN$45,1,59),"")) | I62: =IF($B62="","",IFERROR(INDEX('Grille AE'!$G$46:$BN$46,1,59),"")) | J62: =IF(NOT(ISNUMBER($I62)),"",IF($I62>='KPI Agents'!$E$5,"Objectif Atteint","Non Atteint")) | K62: =IF(NOT(ISNUMBER($A62)),"",_xlfn.ISOWEEKNUM($A62)) | L62: =IF(NOT(ISNUMBER($A62)),"",YEAR($A62)) | M62: =IF($B62="","","Grille AE") | N62: =IF($B62="","",SUBSTITUTE(ADDRESS(1,6+59,4),"1","")) | O62: =IF($B62="","",IF(INDEX('Grille AE'!$G$9:$BN$9,1,59)="","",INDEX('Grille AE'!$G$9:$BN$9,1,59))) | P62: =IF($B62="","",IF(INDEX('Grille AE'!$G$8:$BN$8,1,59)="","",INDEX('Grille AE'!$G$8:$BN$8,1,59))) | Q62: =IF($B62="","",COUNTA(INDEX('Grille AE'!$G$16:$BN$25,1,59):INDEX('Grille AE'!$G$16:$BN$25,10,59))+COUNTA(INDEX('Grille AE'!$G$27:$BN$41,1,59):INDEX('Grille AE'!$G$27:$BN$41,15,59))) | R62: =IF(NOT(ISNUMBER($Q62)),"",$Q62/25) | S62: =IF(NOT(ISNUMBER($R62)),"",IF($R62>='KPI Agents'!$F$5,"Oui","Non")) | T62: =IF(NOT(ISNUMBER($A62)),"",MONTH($A62))
A63: =IF(OR(INDEX('Grille AE'!$G$3:$BN$3,1,60)="",INDEX('Grille AE'!$G$5:$BN$5,1,60)=""),"",INDEX('Grille AE'!$G$5:$BN$5,1,60)) | B63: =IFERROR(IF(INDEX('Grille AE'!$G$3:$BN$3,1,60)="","",INDEX('Grille AE'!$G$3:$BN$3,1,60)),"") | C63: =IF($B63="","",IFERROR(INDEX('Grille AE'!$G$4:$BN$4,1,60),"")) | D63: =IF($B63="","","AE") | E63: =IF($B63="","",IF(INDEX('Grille AE'!$G$10:$BN$10,1,60)="","",INDEX('Grille AE'!$G$10:$BN$10,1,60))) | F63: =IF($B63="","",IF(OR(INDEX('Grille AE'!$G$6:$BN$6,1,60)="",INDEX('Grille AE'!$G$7:$BN$7,1,60)=""),"",ROUND(MOD(INDEX('Grille AE'!$G$7:$BN$7,1,60)-INDEX('Grille AE'!$G$6:$BN$6,1,60),1)*1440,0))) | G63: =IF($B63="","",IFERROR(INDEX('Grille AE'!$G$44:$BN$44,1,60),"")) | H63: =IF($B63="","",IFERROR(INDEX('Grille AE'!$G$45:$BN$45,1,60),"")) | I63: =IF($B63="","",IFERROR(INDEX('Grille AE'!$G$46:$BN$46,1,60),"")) | J63: =IF(NOT(ISNUMBER($I63)),"",IF($I63>='KPI Agents'!$E$5,"Objectif Atteint","Non Atteint")) | K63: =IF(NOT(ISNUMBER($A63)),"",_xlfn.ISOWEEKNUM($A63)) | L63: =IF(NOT(ISNUMBER($A63)),"",YEAR($A63)) | M63: =IF($B63="","","Grille AE") | N63: =IF($B63="","",SUBSTITUTE(ADDRESS(1,6+60,4),"1","")) | O63: =IF($B63="","",IF(INDEX('Grille AE'!$G$9:$BN$9,1,60)="","",INDEX('Grille AE'!$G$9:$BN$9,1,60))) | P63: =IF($B63="","",IF(INDEX('Grille AE'!$G$8:$BN$8,1,60)="","",INDEX('Grille AE'!$G$8:$BN$8,1,60))) | Q63: =IF($B63="","",COUNTA(INDEX('Grille AE'!$G$16:$BN$25,1,60):INDEX('Grille AE'!$G$16:$BN$25,10,60))+COUNTA(INDEX('Grille AE'!$G$27:$BN$41,1,60):INDEX('Grille AE'!$G$27:$BN$41,15,60))) | R63: =IF(NOT(ISNUMBER($Q63)),"",$Q63/25) | S63: =IF(NOT(ISNUMBER($R63)),"",IF($R63>='KPI Agents'!$F$5,"Oui","Non")) | T63: =IF(NOT(ISNUMBER($A63)),"",MONTH($A63))
A64: =IF(OR(INDEX('Grille AS'!$G$3:$BN$3,1,1)="",INDEX('Grille AS'!$G$5:$BN$5,1,1)=""),"",INDEX('Grille AS'!$G$5:$BN$5,1,1)) | B64: =IFERROR(IF(INDEX('Grille AS'!$G$3:$BN$3,1,1)="","",INDEX('Grille AS'!$G$3:$BN$3,1,1)),"") | C64: =IF($B64="","",IFERROR(INDEX('Grille AS'!$G$4:$BN$4,1,1),"")) | D64: =IF($B64="","","AS") | E64: =IF($B64="","",IF(INDEX('Grille AS'!$G$10:$BN$10,1,1)="","",INDEX('Grille AS'!$G$10:$BN$10,1,1))) | F64: =IF($B64="","",IF(OR(INDEX('Grille AS'!$G$6:$BN$6,1,1)="",INDEX('Grille AS'!$G$7:$BN$7,1,1)=""),"",ROUND(MOD(INDEX('Grille AS'!$G$7:$BN$7,1,1)-INDEX('Grille AS'!$G$6:$BN$6,1,1),1)*1440,0))) | G64: =IF($B64="","",IFERROR(INDEX('Grille AS'!$G$34:$BN$34,1,1),"")) | H64: =IF($B64="","",IFERROR(INDEX('Grille AS'!$G$35:$BN$35,1,1),"")) | I64: =IF($B64="","",IFERROR(INDEX('Grille AS'!$G$36:$BN$36,1,1),"")) | J64: =IF(NOT(ISNUMBER($I64)),"",IF($I64>='KPI Agents'!$E$5,"Objectif Atteint","Non Atteint")) | K64: =IF(NOT(ISNUMBER($A64)),"",_xlfn.ISOWEEKNUM($A64)) | L64: =IF(NOT(ISNUMBER($A64)),"",YEAR($A64)) | M64: =IF($B64="","","Grille AS") | N64: =IF($B64="","",SUBSTITUTE(ADDRESS(1,6+1,4),"1","")) | O64: =IF($B64="","",IF(INDEX('Grille AS'!$G$9:$BN$9,1,1)="","",INDEX('Grille AS'!$G$9:$BN$9,1,1))) | P64: =IF($B64="","",IF(INDEX('Grille AS'!$G$8:$BN$8,1,1)="","",INDEX('Grille AS'!$G$8:$BN$8,1,1))) | Q64: =IF($B64="","",COUNTA(INDEX('Grille AS'!$G$16:$BN$22,1,1):INDEX('Grille AS'!$G$16:$BN$22,7,1))+COUNTA(INDEX('Grille AS'!$G$24:$BN$31,1,1):INDEX('Grille AS'!$G$24:$BN$31,8,1))) | R64: =IF(NOT(ISNUMBER($Q64)),"",$Q64/15) | S64: =IF(NOT(ISNUMBER($R64)),"",IF($R64>='KPI Agents'!$F$5,"Oui","Non")) | T64: =IF(NOT(ISNUMBER($A64)),"",MONTH($A64))
A65: =IF(OR(INDEX('Grille AS'!$G$3:$BN$3,1,2)="",INDEX('Grille AS'!$G$5:$BN$5,1,2)=""),"",INDEX('Grille AS'!$G$5:$BN$5,1,2)) | B65: =IFERROR(IF(INDEX('Grille AS'!$G$3:$BN$3,1,2)="","",INDEX('Grille AS'!$G$3:$BN$3,1,2)),"") | C65: =IF($B65="","",IFERROR(INDEX('Grille AS'!$G$4:$BN$4,1,2),"")) | D65: =IF($B65="","","AS") | E65: =IF($B65="","",IF(INDEX('Grille AS'!$G$10:$BN$10,1,2)="","",INDEX('Grille AS'!$G$10:$BN$10,1,2))) | F65: =IF($B65="","",IF(OR(INDEX('Grille AS'!$G$6:$BN$6,1,2)="",INDEX('Grille AS'!$G$7:$BN$7,1,2)=""),"",ROUND(MOD(INDEX('Grille AS'!$G$7:$BN$7,1,2)-INDEX('Grille AS'!$G$6:$BN$6,1,2),1)*1440,0))) | G65: =IF($B65="","",IFERROR(INDEX('Grille AS'!$G$34:$BN$34,1,2),"")) | H65: =IF($B65="","",IFERROR(INDEX('Grille AS'!$G$35:$BN$35,1,2),"")) | I65: =IF($B65="","",IFERROR(INDEX('Grille AS'!$G$36:$BN$36,1,2),"")) | J65: =IF(NOT(ISNUMBER($I65)),"",IF($I65>='KPI Agents'!$E$5,"Objectif Atteint","Non Atteint")) | K65: =IF(NOT(ISNUMBER($A65)),"",_xlfn.ISOWEEKNUM($A65)) | L65: =IF(NOT(ISNUMBER($A65)),"",YEAR($A65)) | M65: =IF($B65="","","Grille AS") | N65: =IF($B65="","",SUBSTITUTE(ADDRESS(1,6+2,4),"1","")) | O65: =IF($B65="","",IF(INDEX('Grille AS'!$G$9:$BN$9,1,2)="","",INDEX('Grille AS'!$G$9:$BN$9,1,2))) | P65: =IF($B65="","",IF(INDEX('Grille AS'!$G$8:$BN$8,1,2)="","",INDEX('Grille AS'!$G$8:$BN$8,1,2))) | Q65: =IF($B65="","",COUNTA(INDEX('Grille AS'!$G$16:$BN$22,1,2):INDEX('Grille AS'!$G$16:$BN$22,7,2))+COUNTA(INDEX('Grille AS'!$G$24:$BN$31,1,2):INDEX('Grille AS'!$G$24:$BN$31,8,2))) | R65: =IF(NOT(ISNUMBER($Q65)),"",$Q65/15) | S65: =IF(NOT(ISNUMBER($R65)),"",IF($R65>='KPI Agents'!$F$5,"Oui","Non")) | T65: =IF(NOT(ISNUMBER($A65)),"",MONTH($A65))
A66: =IF(OR(INDEX('Grille AS'!$G$3:$BN$3,1,3)="",INDEX('Grille AS'!$G$5:$BN$5,1,3)=""),"",INDEX('Grille AS'!$G$5:$BN$5,1,3)) | B66: =IFERROR(IF(INDEX('Grille AS'!$G$3:$BN$3,1,3)="","",INDEX('Grille AS'!$G$3:$BN$3,1,3)),"") | C66: =IF($B66="","",IFERROR(INDEX('Grille AS'!$G$4:$BN$4,1,3),"")) | D66: =IF($B66="","","AS") | E66: =IF($B66="","",IF(INDEX('Grille AS'!$G$10:$BN$10,1,3)="","",INDEX('Grille AS'!$G$10:$BN$10,1,3))) | F66: =IF($B66="","",IF(OR(INDEX('Grille AS'!$G$6:$BN$6,1,3)="",INDEX('Grille AS'!$G$7:$BN$7,1,3)=""),"",ROUND(MOD(INDEX('Grille AS'!$G$7:$BN$7,1,3)-INDEX('Grille AS'!$G$6:$BN$6,1,3),1)*1440,0))) | G66: =IF($B66="","",IFERROR(INDEX('Grille AS'!$G$34:$BN$34,1,3),"")) | H66: =IF($B66="","",IFERROR(INDEX('Grille AS'!$G$35:$BN$35,1,3),"")) | I66: =IF($B66="","",IFERROR(INDEX('Grille AS'!$G$36:$BN$36,1,3),"")) | J66: =IF(NOT(ISNUMBER($I66)),"",IF($I66>='KPI Agents'!$E$5,"Objectif Atteint","Non Atteint")) | K66: =IF(NOT(ISNUMBER($A66)),"",_xlfn.ISOWEEKNUM($A66)) | L66: =IF(NOT(ISNUMBER($A66)),"",YEAR($A66)) | M66: =IF($B66="","","Grille AS") | N66: =IF($B66="","",SUBSTITUTE(ADDRESS(1,6+3,4),"1","")) | O66: =IF($B66="","",IF(INDEX('Grille AS'!$G$9:$BN$9,1,3)="","",INDEX('Grille AS'!$G$9:$BN$9,1,3))) | P66: =IF($B66="","",IF(INDEX('Grille AS'!$G$8:$BN$8,1,3)="","",INDEX('Grille AS'!$G$8:$BN$8,1,3))) | Q66: =IF($B66="","",COUNTA(INDEX('Grille AS'!$G$16:$BN$22,1,3):INDEX('Grille AS'!$G$16:$BN$22,7,3))+COUNTA(INDEX('Grille AS'!$G$24:$BN$31,1,3):INDEX('Grille AS'!$G$24:$BN$31,8,3))) | R66: =IF(NOT(ISNUMBER($Q66)),"",$Q66/15) | S66: =IF(NOT(ISNUMBER($R66)),"",IF($R66>='KPI Agents'!$F$5,"Oui","Non")) | T66: =IF(NOT(ISNUMBER($A66)),"",MONTH($A66))
A67: =IF(OR(INDEX('Grille AS'!$G$3:$BN$3,1,4)="",INDEX('Grille AS'!$G$5:$BN$5,1,4)=""),"",INDEX('Grille AS'!$G$5:$BN$5,1,4)) | B67: =IFERROR(IF(INDEX('Grille AS'!$G$3:$BN$3,1,4)="","",INDEX('Grille AS'!$G$3:$BN$3,1,4)),"") | C67: =IF($B67="","",IFERROR(INDEX('Grille AS'!$G$4:$BN$4,1,4),"")) | D67: =IF($B67="","","AS") | E67: =IF($B67="","",IF(INDEX('Grille AS'!$G$10:$BN$10,1,4)="","",INDEX('Grille AS'!$G$10:$BN$10,1,4))) | F67: =IF($B67="","",IF(OR(INDEX('Grille AS'!$G$6:$BN$6,1,4)="",INDEX('Grille AS'!$G$7:$BN$7,1,4)=""),"",ROUND(MOD(INDEX('Grille AS'!$G$7:$BN$7,1,4)-INDEX('Grille AS'!$G$6:$BN$6,1,4),1)*1440,0))) | G67: =IF($B67="","",IFERROR(INDEX('Grille AS'!$G$34:$BN$34,1,4),"")) | H67: =IF($B67="","",IFERROR(INDEX('Grille AS'!$G$35:$BN$35,1,4),"")) | I67: =IF($B67="","",IFERROR(INDEX('Grille AS'!$G$36:$BN$36,1,4),"")) | J67: =IF(NOT(ISNUMBER($I67)),"",IF($I67>='KPI Agents'!$E$5,"Objectif Atteint","Non Atteint")) | K67: =IF(NOT(ISNUMBER($A67)),"",_xlfn.ISOWEEKNUM($A67)) | L67: =IF(NOT(ISNUMBER($A67)),"",YEAR($A67)) | M67: =IF($B67="","","Grille AS") | N67: =IF($B67="","",SUBSTITUTE(ADDRESS(1,6+4,4),"1","")) | O67: =IF($B67="","",IF(INDEX('Grille AS'!$G$9:$BN$9,1,4)="","",INDEX('Grille AS'!$G$9:$BN$9,1,4))) | P67: =IF($B67="","",IF(INDEX('Grille AS'!$G$8:$BN$8,1,4)="","",INDEX('Grille AS'!$G$8:$BN$8,1,4))) | Q67: =IF($B67="","",COUNTA(INDEX('Grille AS'!$G$16:$BN$22,1,4):INDEX('Grille AS'!$G$16:$BN$22,7,4))+COUNTA(INDEX('Grille AS'!$G$24:$BN$31,1,4):INDEX('Grille AS'!$G$24:$BN$31,8,4))) | R67: =IF(NOT(ISNUMBER($Q67)),"",$Q67/15) | S67: =IF(NOT(ISNUMBER($R67)),"",IF($R67>='KPI Agents'!$F$5,"Oui","Non")) | T67: =IF(NOT(ISNUMBER($A67)),"",MONTH($A67))
A68: =IF(OR(INDEX('Grille AS'!$G$3:$BN$3,1,5)="",INDEX('Grille AS'!$G$5:$BN$5,1,5)=""),"",INDEX('Grille AS'!$G$5:$BN$5,1,5)) | B68: =IFERROR(IF(INDEX('Grille AS'!$G$3:$BN$3,1,5)="","",INDEX('Grille AS'!$G$3:$BN$3,1,5)),"") | C68: =IF($B68="","",IFERROR(INDEX('Grille AS'!$G$4:$BN$4,1,5),"")) | D68: =IF($B68="","","AS") | E68: =IF($B68="","",IF(INDEX('Grille AS'!$G$10:$BN$10,1,5)="","",INDEX('Grille AS'!$G$10:$BN$10,1,5))) | F68: =IF($B68="","",IF(OR(INDEX('Grille AS'!$G$6:$BN$6,1,5)="",INDEX('Grille AS'!$G$7:$BN$7,1,5)=""),"",ROUND(MOD(INDEX('Grille AS'!$G$7:$BN$7,1,5)-INDEX('Grille AS'!$G$6:$BN$6,1,5),1)*1440,0))) | G68: =IF($B68="","",IFERROR(INDEX('Grille AS'!$G$34:$BN$34,1,5),"")) | H68: =IF($B68="","",IFERROR(INDEX('Grille AS'!$G$35:$BN$35,1,5),"")) | I68: =IF($B68="","",IFERROR(INDEX('Grille AS'!$G$36:$BN$36,1,5),"")) | J68: =IF(NOT(ISNUMBER($I68)),"",IF($I68>='KPI Agents'!$E$5,"Objectif Atteint","Non Atteint")) | K68: =IF(NOT(ISNUMBER($A68)),"",_xlfn.ISOWEEKNUM($A68)) | L68: =IF(NOT(ISNUMBER($A68)),"",YEAR($A68)) | M68: =IF($B68="","","Grille AS") | N68: =IF($B68="","",SUBSTITUTE(ADDRESS(1,6+5,4),"1","")) | O68: =IF($B68="","",IF(INDEX('Grille AS'!$G$9:$BN$9,1,5)="","",INDEX('Grille AS'!$G$9:$BN$9,1,5))) | P68: =IF($B68="","",IF(INDEX('Grille AS'!$G$8:$BN$8,1,5)="","",INDEX('Grille AS'!$G$8:$BN$8,1,5))) | Q68: =IF($B68="","",COUNTA(INDEX('Grille AS'!$G$16:$BN$22,1,5):INDEX('Grille AS'!$G$16:$BN$22,7,5))+COUNTA(INDEX('Grille AS'!$G$24:$BN$31,1,5):INDEX('Grille AS'!$G$24:$BN$31,8,5))) | R68: =IF(NOT(ISNUMBER($Q68)),"",$Q68/15) | S68: =IF(NOT(ISNUMBER($R68)),"",IF($R68>='KPI Agents'!$F$5,"Oui","Non")) | T68: =IF(NOT(ISNUMBER($A68)),"",MONTH($A68))
A69: =IF(OR(INDEX('Grille AS'!$G$3:$BN$3,1,6)="",INDEX('Grille AS'!$G$5:$BN$5,1,6)=""),"",INDEX('Grille AS'!$G$5:$BN$5,1,6)) | B69: =IFERROR(IF(INDEX('Grille AS'!$G$3:$BN$3,1,6)="","",INDEX('Grille AS'!$G$3:$BN$3,1,6)),"") | C69: =IF($B69="","",IFERROR(INDEX('Grille AS'!$G$4:$BN$4,1,6),"")) | D69: =IF($B69="","","AS") | E69: =IF($B69="","",IF(INDEX('Grille AS'!$G$10:$BN$10,1,6)="","",INDEX('Grille AS'!$G$10:$BN$10,1,6))) | F69: =IF($B69="","",IF(OR(INDEX('Grille AS'!$G$6:$BN$6,1,6)="",INDEX('Grille AS'!$G$7:$BN$7,1,6)=""),"",ROUND(MOD(INDEX('Grille AS'!$G$7:$BN$7,1,6)-INDEX('Grille AS'!$G$6:$BN$6,1,6),1)*1440,0))) | G69: =IF($B69="","",IFERROR(INDEX('Grille AS'!$G$34:$BN$34,1,6),"")) | H69: =IF($B69="","",IFERROR(INDEX('Grille AS'!$G$35:$BN$35,1,6),"")) | I69: =IF($B69="","",IFERROR(INDEX('Grille AS'!$G$36:$BN$36,1,6),"")) | J69: =IF(NOT(ISNUMBER($I69)),"",IF($I69>='KPI Agents'!$E$5,"Objectif Atteint","Non Atteint")) | K69: =IF(NOT(ISNUMBER($A69)),"",_xlfn.ISOWEEKNUM($A69)) | L69: =IF(NOT(ISNUMBER($A69)),"",YEAR($A69)) | M69: =IF($B69="","","Grille AS") | N69: =IF($B69="","",SUBSTITUTE(ADDRESS(1,6+6,4),"1","")) | O69: =IF($B69="","",IF(INDEX('Grille AS'!$G$9:$BN$9,1,6)="","",INDEX('Grille AS'!$G$9:$BN$9,1,6))) | P69: =IF($B69="","",IF(INDEX('Grille AS'!$G$8:$BN$8,1,6)="","",INDEX('Grille AS'!$G$8:$BN$8,1,6))) | Q69: =IF($B69="","",COUNTA(INDEX('Grille AS'!$G$16:$BN$22,1,6):INDEX('Grille AS'!$G$16:$BN$22,7,6))+COUNTA(INDEX('Grille AS'!$G$24:$BN$31,1,6):INDEX('Grille AS'!$G$24:$BN$31,8,6))) | R69: =IF(NOT(ISNUMBER($Q69)),"",$Q69/15) | S69: =IF(NOT(ISNUMBER($R69)),"",IF($R69>='KPI Agents'!$F$5,"Oui","Non")) | T69: =IF(NOT(ISNUMBER($A69)),"",MONTH($A69))
A70: =IF(OR(INDEX('Grille AS'!$G$3:$BN$3,1,7)="",INDEX('Grille AS'!$G$5:$BN$5,1,7)=""),"",INDEX('Grille AS'!$G$5:$BN$5,1,7)) | B70: =IFERROR(IF(INDEX('Grille AS'!$G$3:$BN$3,1,7)="","",INDEX('Grille AS'!$G$3:$BN$3,1,7)),"") | C70: =IF($B70="","",IFERROR(INDEX('Grille AS'!$G$4:$BN$4,1,7),"")) | D70: =IF($B70="","","AS") | E70: =IF($B70="","",IF(INDEX('Grille AS'!$G$10:$BN$10,1,7)="","",INDEX('Grille AS'!$G$10:$BN$10,1,7))) | F70: =IF($B70="","",IF(OR(INDEX('Grille AS'!$G$6:$BN$6,1,7)="",INDEX('Grille AS'!$G$7:$BN$7,1,7)=""),"",ROUND(MOD(INDEX('Grille AS'!$G$7:$BN$7,1,7)-INDEX('Grille AS'!$G$6:$BN$6,1,7),1)*1440,0))) | G70: =IF($B70="","",IFERROR(INDEX('Grille AS'!$G$34:$BN$34,1,7),"")) | H70: =IF($B70="","",IFERROR(INDEX('Grille AS'!$G$35:$BN$35,1,7),"")) | I70: =IF($B70="","",IFERROR(INDEX('Grille AS'!$G$36:$BN$36,1,7),"")) | J70: =IF(NOT(ISNUMBER($I70)),"",IF($I70>='KPI Agents'!$E$5,"Objectif Atteint","Non Atteint")) | K70: =IF(NOT(ISNUMBER($A70)),"",_xlfn.ISOWEEKNUM($A70)) | L70: =IF(NOT(ISNUMBER($A70)),"",YEAR($A70)) | M70: =IF($B70="","","Grille AS") | N70: =IF($B70="","",SUBSTITUTE(ADDRESS(1,6+7,4),"1","")) | O70: =IF($B70="","",IF(INDEX('Grille AS'!$G$9:$BN$9,1,7)="","",INDEX('Grille AS'!$G$9:$BN$9,1,7))) | P70: =IF($B70="","",IF(INDEX('Grille AS'!$G$8:$BN$8,1,7)="","",INDEX('Grille AS'!$G$8:$BN$8,1,7))) | Q70: =IF($B70="","",COUNTA(INDEX('Grille AS'!$G$16:$BN$22,1,7):INDEX('Grille AS'!$G$16:$BN$22,7,7))+COUNTA(INDEX('Grille AS'!$G$24:$BN$31,1,7):INDEX('Grille AS'!$G$24:$BN$31,8,7))) | R70: =IF(NOT(ISNUMBER($Q70)),"",$Q70/15) | S70: =IF(NOT(ISNUMBER($R70)),"",IF($R70>='KPI Agents'!$F$5,"Oui","Non")) | T70: =IF(NOT(ISNUMBER($A70)),"",MONTH($A70))
A71: =IF(OR(INDEX('Grille AS'!$G$3:$BN$3,1,8)="",INDEX('Grille AS'!$G$5:$BN$5,1,8)=""),"",INDEX('Grille AS'!$G$5:$BN$5,1,8)) | B71: =IFERROR(IF(INDEX('Grille AS'!$G$3:$BN$3,1,8)="","",INDEX('Grille AS'!$G$3:$BN$3,1,8)),"") | C71: =IF($B71="","",IFERROR(INDEX('Grille AS'!$G$4:$BN$4,1,8),"")) | D71: =IF($B71="","","AS") | E71: =IF($B71="","",IF(INDEX('Grille AS'!$G$10:$BN$10,1,8)="","",INDEX('Grille AS'!$G$10:$BN$10,1,8))) | F71: =IF($B71="","",IF(OR(INDEX('Grille AS'!$G$6:$BN$6,1,8)="",INDEX('Grille AS'!$G$7:$BN$7,1,8)=""),"",ROUND(MOD(INDEX('Grille AS'!$G$7:$BN$7,1,8)-INDEX('Grille AS'!$G$6:$BN$6,1,8),1)*1440,0))) | G71: =IF($B71="","",IFERROR(INDEX('Grille AS'!$G$34:$BN$34,1,8),"")) | H71: =IF($B71="","",IFERROR(INDEX('Grille AS'!$G$35:$BN$35,1,8),"")) | I71: =IF($B71="","",IFERROR(INDEX('Grille AS'!$G$36:$BN$36,1,8),"")) | J71: =IF(NOT(ISNUMBER($I71)),"",IF($I71>='KPI Agents'!$E$5,"Objectif Atteint","Non Atteint")) | K71: =IF(NOT(ISNUMBER($A71)),"",_xlfn.ISOWEEKNUM($A71)) | L71: =IF(NOT(ISNUMBER($A71)),"",YEAR($A71)) | M71: =IF($B71="","","Grille AS") | N71: =IF($B71="","",SUBSTITUTE(ADDRESS(1,6+8,4),"1","")) | O71: =IF($B71="","",IF(INDEX('Grille AS'!$G$9:$BN$9,1,8)="","",INDEX('Grille AS'!$G$9:$BN$9,1,8))) | P71: =IF($B71="","",IF(INDEX('Grille AS'!$G$8:$BN$8,1,8)="","",INDEX('Grille AS'!$G$8:$BN$8,1,8))) | Q71: =IF($B71="","",COUNTA(INDEX('Grille AS'!$G$16:$BN$22,1,8):INDEX('Grille AS'!$G$16:$BN$22,7,8))+COUNTA(INDEX('Grille AS'!$G$24:$BN$31,1,8):INDEX('Grille AS'!$G$24:$BN$31,8,8))) | R71: =IF(NOT(ISNUMBER($Q71)),"",$Q71/15) | S71: =IF(NOT(ISNUMBER($R71)),"",IF($R71>='KPI Agents'!$F$5,"Oui","Non")) | T71: =IF(NOT(ISNUMBER($A71)),"",MONTH($A71))
A72: =IF(OR(INDEX('Grille AS'!$G$3:$BN$3,1,9)="",INDEX('Grille AS'!$G$5:$BN$5,1,9)=""),"",INDEX('Grille AS'!$G$5:$BN$5,1,9)) | B72: =IFERROR(IF(INDEX('Grille AS'!$G$3:$BN$3,1,9)="","",INDEX('Grille AS'!$G$3:$BN$3,1,9)),"") | C72: =IF($B72="","",IFERROR(INDEX('Grille AS'!$G$4:$BN$4,1,9),"")) | D72: =IF($B72="","","AS") | E72: =IF($B72="","",IF(INDEX('Grille AS'!$G$10:$BN$10,1,9)="","",INDEX('Grille AS'!$G$10:$BN$10,1,9))) | F72: =IF($B72="","",IF(OR(INDEX('Grille AS'!$G$6:$BN$6,1,9)="",INDEX('Grille AS'!$G$7:$BN$7,1,9)=""),"",ROUND(MOD(INDEX('Grille AS'!$G$7:$BN$7,1,9)-INDEX('Grille AS'!$G$6:$BN$6,1,9),1)*1440,0))) | G72: =IF($B72="","",IFERROR(INDEX('Grille AS'!$G$34:$BN$34,1,9),"")) | H72: =IF($B72="","",IFERROR(INDEX('Grille AS'!$G$35:$BN$35,1,9),"")) | I72: =IF($B72="","",IFERROR(INDEX('Grille AS'!$G$36:$BN$36,1,9),"")) | J72: =IF(NOT(ISNUMBER($I72)),"",IF($I72>='KPI Agents'!$E$5,"Objectif Atteint","Non Atteint")) | K72: =IF(NOT(ISNUMBER($A72)),"",_xlfn.ISOWEEKNUM($A72)) | L72: =IF(NOT(ISNUMBER($A72)),"",YEAR($A72)) | M72: =IF($B72="","","Grille AS") | N72: =IF($B72="","",SUBSTITUTE(ADDRESS(1,6+9,4),"1","")) | O72: =IF($B72="","",IF(INDEX('Grille AS'!$G$9:$BN$9,1,9)="","",INDEX('Grille AS'!$G$9:$BN$9,1,9))) | P72: =IF($B72="","",IF(INDEX('Grille AS'!$G$8:$BN$8,1,9)="","",INDEX('Grille AS'!$G$8:$BN$8,1,9))) | Q72: =IF($B72="","",COUNTA(INDEX('Grille AS'!$G$16:$BN$22,1,9):INDEX('Grille AS'!$G$16:$BN$22,7,9))+COUNTA(INDEX('Grille AS'!$G$24:$BN$31,1,9):INDEX('Grille AS'!$G$24:$BN$31,8,9))) | R72: =IF(NOT(ISNUMBER($Q72)),"",$Q72/15) | S72: =IF(NOT(ISNUMBER($R72)),"",IF($R72>='KPI Agents'!$F$5,"Oui","Non")) | T72: =IF(NOT(ISNUMBER($A72)),"",MONTH($A72))
A73: =IF(OR(INDEX('Grille AS'!$G$3:$BN$3,1,10)="",INDEX('Grille AS'!$G$5:$BN$5,1,10)=""),"",INDEX('Grille AS'!$G$5:$BN$5,1,10)) | B73: =IFERROR(IF(INDEX('Grille AS'!$G$3:$BN$3,1,10)="","",INDEX('Grille AS'!$G$3:$BN$3,1,10)),"") | C73: =IF($B73="","",IFERROR(INDEX('Grille AS'!$G$4:$BN$4,1,10),"")) | D73: =IF($B73="","","AS") | E73: =IF($B73="","",IF(INDEX('Grille AS'!$G$10:$BN$10,1,10)="","",INDEX('Grille AS'!$G$10:$BN$10,1,10))) | F73: =IF($B73="","",IF(OR(INDEX('Grille AS'!$G$6:$BN$6,1,10)="",INDEX('Grille AS'!$G$7:$BN$7,1,10)=""),"",ROUND(MOD(INDEX('Grille AS'!$G$7:$BN$7,1,10)-INDEX('Grille AS'!$G$6:$BN$6,1,10),1)*1440,0))) | G73: =IF($B73="","",IFERROR(INDEX('Grille AS'!$G$34:$BN$34,1,10),"")) | H73: =IF($B73="","",IFERROR(INDEX('Grille AS'!$G$35:$BN$35,1,10),"")) | I73: =IF($B73="","",IFERROR(INDEX('Grille AS'!$G$36:$BN$36,1,10),"")) | J73: =IF(NOT(ISNUMBER($I73)),"",IF($I73>='KPI Agents'!$E$5,"Objectif Atteint","Non Atteint")) | K73: =IF(NOT(ISNUMBER($A73)),"",_xlfn.ISOWEEKNUM($A73)) | L73: =IF(NOT(ISNUMBER($A73)),"",YEAR($A73)) | M73: =IF($B73="","","Grille AS") | N73: =IF($B73="","",SUBSTITUTE(ADDRESS(1,6+10,4),"1","")) | O73: =IF($B73="","",IF(INDEX('Grille AS'!$G$9:$BN$9,1,10)="","",INDEX('Grille AS'!$G$9:$BN$9,1,10))) | P73: =IF($B73="","",IF(INDEX('Grille AS'!$G$8:$BN$8,1,10)="","",INDEX('Grille AS'!$G$8:$BN$8,1,10))) | Q73: =IF($B73="","",COUNTA(INDEX('Grille AS'!$G$16:$BN$22,1,10):INDEX('Grille AS'!$G$16:$BN$22,7,10))+COUNTA(INDEX('Grille AS'!$G$24:$BN$31,1,10):INDEX('Grille AS'!$G$24:$BN$31,8,10))) | R73: =IF(NOT(ISNUMBER($Q73)),"",$Q73/15) | S73: =IF(NOT(ISNUMBER($R73)),"",IF($R73>='KPI Agents'!$F$5,"Oui","Non")) | T73: =IF(NOT(ISNUMBER($A73)),"",MONTH($A73))
A74: =IF(OR(INDEX('Grille AS'!$G$3:$BN$3,1,11)="",INDEX('Grille AS'!$G$5:$BN$5,1,11)=""),"",INDEX('Grille AS'!$G$5:$BN$5,1,11)) | B74: =IFERROR(IF(INDEX('Grille AS'!$G$3:$BN$3,1,11)="","",INDEX('Grille AS'!$G$3:$BN$3,1,11)),"") | C74: =IF($B74="","",IFERROR(INDEX('Grille AS'!$G$4:$BN$4,1,11),"")) | D74: =IF($B74="","","AS") | E74: =IF($B74="","",IF(INDEX('Grille AS'!$G$10:$BN$10,1,11)="","",INDEX('Grille AS'!$G$10:$BN$10,1,11))) | F74: =IF($B74="","",IF(OR(INDEX('Grille AS'!$G$6:$BN$6,1,11)="",INDEX('Grille AS'!$G$7:$BN$7,1,11)=""),"",ROUND(MOD(INDEX('Grille AS'!$G$7:$BN$7,1,11)-INDEX('Grille AS'!$G$6:$BN$6,1,11),1)*1440,0))) | G74: =IF($B74="","",IFERROR(INDEX('Grille AS'!$G$34:$BN$34,1,11),"")) | H74: =IF($B74="","",IFERROR(INDEX('Grille AS'!$G$35:$BN$35,1,11),"")) | I74: =IF($B74="","",IFERROR(INDEX('Grille AS'!$G$36:$BN$36,1,11),"")) | J74: =IF(NOT(ISNUMBER($I74)),"",IF($I74>='KPI Agents'!$E$5,"Objectif Atteint","Non Atteint")) | K74: =IF(NOT(ISNUMBER($A74)),"",_xlfn.ISOWEEKNUM($A74)) | L74: =IF(NOT(ISNUMBER($A74)),"",YEAR($A74)) | M74: =IF($B74="","","Grille AS") | N74: =IF($B74="","",SUBSTITUTE(ADDRESS(1,6+11,4),"1","")) | O74: =IF($B74="","",IF(INDEX('Grille AS'!$G$9:$BN$9,1,11)="","",INDEX('Grille AS'!$G$9:$BN$9,1,11))) | P74: =IF($B74="","",IF(INDEX('Grille AS'!$G$8:$BN$8,1,11)="","",INDEX('Grille AS'!$G$8:$BN$8,1,11))) | Q74: =IF($B74="","",COUNTA(INDEX('Grille AS'!$G$16:$BN$22,1,11):INDEX('Grille AS'!$G$16:$BN$22,7,11))+COUNTA(INDEX('Grille AS'!$G$24:$BN$31,1,11):INDEX('Grille AS'!$G$24:$BN$31,8,11))) | R74: =IF(NOT(ISNUMBER($Q74)),"",$Q74/15) | S74: =IF(NOT(ISNUMBER($R74)),"",IF($R74>='KPI Agents'!$F$5,"Oui","Non")) | T74: =IF(NOT(ISNUMBER($A74)),"",MONTH($A74))
A75: =IF(OR(INDEX('Grille AS'!$G$3:$BN$3,1,12)="",INDEX('Grille AS'!$G$5:$BN$5,1,12)=""),"",INDEX('Grille AS'!$G$5:$BN$5,1,12)) | B75: =IFERROR(IF(INDEX('Grille AS'!$G$3:$BN$3,1,12)="","",INDEX('Grille AS'!$G$3:$BN$3,1,12)),"") | C75: =IF($B75="","",IFERROR(INDEX('Grille AS'!$G$4:$BN$4,1,12),"")) | D75: =IF($B75="","","AS") | E75: =IF($B75="","",IF(INDEX('Grille AS'!$G$10:$BN$10,1,12)="","",INDEX('Grille AS'!$G$10:$BN$10,1,12))) | F75: =IF($B75="","",IF(OR(INDEX('Grille AS'!$G$6:$BN$6,1,12)="",INDEX('Grille AS'!$G$7:$BN$7,1,12)=""),"",ROUND(MOD(INDEX('Grille AS'!$G$7:$BN$7,1,12)-INDEX('Grille AS'!$G$6:$BN$6,1,12),1)*1440,0))) | G75: =IF($B75="","",IFERROR(INDEX('Grille AS'!$G$34:$BN$34,1,12),"")) | H75: =IF($B75="","",IFERROR(INDEX('Grille AS'!$G$35:$BN$35,1,12),"")) | I75: =IF($B75="","",IFERROR(INDEX('Grille AS'!$G$36:$BN$36,1,12),"")) | J75: =IF(NOT(ISNUMBER($I75)),"",IF($I75>='KPI Agents'!$E$5,"Objectif Atteint","Non Atteint")) | K75: =IF(NOT(ISNUMBER($A75)),"",_xlfn.ISOWEEKNUM($A75)) | L75: =IF(NOT(ISNUMBER($A75)),"",YEAR($A75)) | M75: =IF($B75="","","Grille AS") | N75: =IF($B75="","",SUBSTITUTE(ADDRESS(1,6+12,4),"1","")) | O75: =IF($B75="","",IF(INDEX('Grille AS'!$G$9:$BN$9,1,12)="","",INDEX('Grille AS'!$G$9:$BN$9,1,12))) | P75: =IF($B75="","",IF(INDEX('Grille AS'!$G$8:$BN$8,1,12)="","",INDEX('Grille AS'!$G$8:$BN$8,1,12))) | Q75: =IF($B75="","",COUNTA(INDEX('Grille AS'!$G$16:$BN$22,1,12):INDEX('Grille AS'!$G$16:$BN$22,7,12))+COUNTA(INDEX('Grille AS'!$G$24:$BN$31,1,12):INDEX('Grille AS'!$G$24:$BN$31,8,12))) | R75: =IF(NOT(ISNUMBER($Q75)),"",$Q75/15) | S75: =IF(NOT(ISNUMBER($R75)),"",IF($R75>='KPI Agents'!$F$5,"Oui","Non")) | T75: =IF(NOT(ISNUMBER($A75)),"",MONTH($A75))
A76: =IF(OR(INDEX('Grille AS'!$G$3:$BN$3,1,13)="",INDEX('Grille AS'!$G$5:$BN$5,1,13)=""),"",INDEX('Grille AS'!$G$5:$BN$5,1,13)) | B76: =IFERROR(IF(INDEX('Grille AS'!$G$3:$BN$3,1,13)="","",INDEX('Grille AS'!$G$3:$BN$3,1,13)),"") | C76: =IF($B76="","",IFERROR(INDEX('Grille AS'!$G$4:$BN$4,1,13),"")) | D76: =IF($B76="","","AS") | E76: =IF($B76="","",IF(INDEX('Grille AS'!$G$10:$BN$10,1,13)="","",INDEX('Grille AS'!$G$10:$BN$10,1,13))) | F76: =IF($B76="","",IF(OR(INDEX('Grille AS'!$G$6:$BN$6,1,13)="",INDEX('Grille AS'!$G$7:$BN$7,1,13)=""),"",ROUND(MOD(INDEX('Grille AS'!$G$7:$BN$7,1,13)-INDEX('Grille AS'!$G$6:$BN$6,1,13),1)*1440,0))) | G76: =IF($B76="","",IFERROR(INDEX('Grille AS'!$G$34:$BN$34,1,13),"")) | H76: =IF($B76="","",IFERROR(INDEX('Grille AS'!$G$35:$BN$35,1,13),"")) | I76: =IF($B76="","",IFERROR(INDEX('Grille AS'!$G$36:$BN$36,1,13),"")) | J76: =IF(NOT(ISNUMBER($I76)),"",IF($I76>='KPI Agents'!$E$5,"Objectif Atteint","Non Atteint")) | K76: =IF(NOT(ISNUMBER($A76)),"",_xlfn.ISOWEEKNUM($A76)) | L76: =IF(NOT(ISNUMBER($A76)),"",YEAR($A76)) | M76: =IF($B76="","","Grille AS") | N76: =IF($B76="","",SUBSTITUTE(ADDRESS(1,6+13,4),"1","")) | O76: =IF($B76="","",IF(INDEX('Grille AS'!$G$9:$BN$9,1,13)="","",INDEX('Grille AS'!$G$9:$BN$9,1,13))) | P76: =IF($B76="","",IF(INDEX('Grille AS'!$G$8:$BN$8,1,13)="","",INDEX('Grille AS'!$G$8:$BN$8,1,13))) | Q76: =IF($B76="","",COUNTA(INDEX('Grille AS'!$G$16:$BN$22,1,13):INDEX('Grille AS'!$G$16:$BN$22,7,13))+COUNTA(INDEX('Grille AS'!$G$24:$BN$31,1,13):INDEX('Grille AS'!$G$24:$BN$31,8,13))) | R76: =IF(NOT(ISNUMBER($Q76)),"",$Q76/15) | S76: =IF(NOT(ISNUMBER($R76)),"",IF($R76>='KPI Agents'!$F$5,"Oui","Non")) | T76: =IF(NOT(ISNUMBER($A76)),"",MONTH($A76))
A77: =IF(OR(INDEX('Grille AS'!$G$3:$BN$3,1,14)="",INDEX('Grille AS'!$G$5:$BN$5,1,14)=""),"",INDEX('Grille AS'!$G$5:$BN$5,1,14)) | B77: =IFERROR(IF(INDEX('Grille AS'!$G$3:$BN$3,1,14)="","",INDEX('Grille AS'!$G$3:$BN$3,1,14)),"") | C77: =IF($B77="","",IFERROR(INDEX('Grille AS'!$G$4:$BN$4,1,14),"")) | D77: =IF($B77="","","AS") | E77: =IF($B77="","",IF(INDEX('Grille AS'!$G$10:$BN$10,1,14)="","",INDEX('Grille AS'!$G$10:$BN$10,1,14))) | F77: =IF($B77="","",IF(OR(INDEX('Grille AS'!$G$6:$BN$6,1,14)="",INDEX('Grille AS'!$G$7:$BN$7,1,14)=""),"",ROUND(MOD(INDEX('Grille AS'!$G$7:$BN$7,1,14)-INDEX('Grille AS'!$G$6:$BN$6,1,14),1)*1440,0))) | G77: =IF($B77="","",IFERROR(INDEX('Grille AS'!$G$34:$BN$34,1,14),"")) | H77: =IF($B77="","",IFERROR(INDEX('Grille AS'!$G$35:$BN$35,1,14),"")) | I77: =IF($B77="","",IFERROR(INDEX('Grille AS'!$G$36:$BN$36,1,14),"")) | J77: =IF(NOT(ISNUMBER($I77)),"",IF($I77>='KPI Agents'!$E$5,"Objectif Atteint","Non Atteint")) | K77: =IF(NOT(ISNUMBER($A77)),"",_xlfn.ISOWEEKNUM($A77)) | L77: =IF(NOT(ISNUMBER($A77)),"",YEAR($A77)) | M77: =IF($B77="","","Grille AS") | N77: =IF($B77="","",SUBSTITUTE(ADDRESS(1,6+14,4),"1","")) | O77: =IF($B77="","",IF(INDEX('Grille AS'!$G$9:$BN$9,1,14)="","",INDEX('Grille AS'!$G$9:$BN$9,1,14))) | P77: =IF($B77="","",IF(INDEX('Grille AS'!$G$8:$BN$8,1,14)="","",INDEX('Grille AS'!$G$8:$BN$8,1,14))) | Q77: =IF($B77="","",COUNTA(INDEX('Grille AS'!$G$16:$BN$22,1,14):INDEX('Grille AS'!$G$16:$BN$22,7,14))+COUNTA(INDEX('Grille AS'!$G$24:$BN$31,1,14):INDEX('Grille AS'!$G$24:$BN$31,8,14))) | R77: =IF(NOT(ISNUMBER($Q77)),"",$Q77/15) | S77: =IF(NOT(ISNUMBER($R77)),"",IF($R77>='KPI Agents'!$F$5,"Oui","Non")) | T77: =IF(NOT(ISNUMBER($A77)),"",MONTH($A77))
A78: =IF(OR(INDEX('Grille AS'!$G$3:$BN$3,1,15)="",INDEX('Grille AS'!$G$5:$BN$5,1,15)=""),"",INDEX('Grille AS'!$G$5:$BN$5,1,15)) | B78: =IFERROR(IF(INDEX('Grille AS'!$G$3:$BN$3,1,15)="","",INDEX('Grille AS'!$G$3:$BN$3,1,15)),"") | C78: =IF($B78="","",IFERROR(INDEX('Grille AS'!$G$4:$BN$4,1,15),"")) | D78: =IF($B78="","","AS") | E78: =IF($B78="","",IF(INDEX('Grille AS'!$G$10:$BN$10,1,15)="","",INDEX('Grille AS'!$G$10:$BN$10,1,15))) | F78: =IF($B78="","",IF(OR(INDEX('Grille AS'!$G$6:$BN$6,1,15)="",INDEX('Grille AS'!$G$7:$BN$7,1,15)=""),"",ROUND(MOD(INDEX('Grille AS'!$G$7:$BN$7,1,15)-INDEX('Grille AS'!$G$6:$BN$6,1,15),1)*1440,0))) | G78: =IF($B78="","",IFERROR(INDEX('Grille AS'!$G$34:$BN$34,1,15),"")) | H78: =IF($B78="","",IFERROR(INDEX('Grille AS'!$G$35:$BN$35,1,15),"")) | I78: =IF($B78="","",IFERROR(INDEX('Grille AS'!$G$36:$BN$36,1,15),"")) | J78: =IF(NOT(ISNUMBER($I78)),"",IF($I78>='KPI Agents'!$E$5,"Objectif Atteint","Non Atteint")) | K78: =IF(NOT(ISNUMBER($A78)),"",_xlfn.ISOWEEKNUM($A78)) | L78: =IF(NOT(ISNUMBER($A78)),"",YEAR($A78)) | M78: =IF($B78="","","Grille AS") | N78: =IF($B78="","",SUBSTITUTE(ADDRESS(1,6+15,4),"1","")) | O78: =IF($B78="","",IF(INDEX('Grille AS'!$G$9:$BN$9,1,15)="","",INDEX('Grille AS'!$G$9:$BN$9,1,15))) | P78: =IF($B78="","",IF(INDEX('Grille AS'!$G$8:$BN$8,1,15)="","",INDEX('Grille AS'!$G$8:$BN$8,1,15))) | Q78: =IF($B78="","",COUNTA(INDEX('Grille AS'!$G$16:$BN$22,1,15):INDEX('Grille AS'!$G$16:$BN$22,7,15))+COUNTA(INDEX('Grille AS'!$G$24:$BN$31,1,15):INDEX('Grille AS'!$G$24:$BN$31,8,15))) | R78: =IF(NOT(ISNUMBER($Q78)),"",$Q78/15) | S78: =IF(NOT(ISNUMBER($R78)),"",IF($R78>='KPI Agents'!$F$5,"Oui","Non")) | T78: =IF(NOT(ISNUMBER($A78)),"",MONTH($A78))
A79: =IF(OR(INDEX('Grille AS'!$G$3:$BN$3,1,16)="",INDEX('Grille AS'!$G$5:$BN$5,1,16)=""),"",INDEX('Grille AS'!$G$5:$BN$5,1,16)) | B79: =IFERROR(IF(INDEX('Grille AS'!$G$3:$BN$3,1,16)="","",INDEX('Grille AS'!$G$3:$BN$3,1,16)),"") | C79: =IF($B79="","",IFERROR(INDEX('Grille AS'!$G$4:$BN$4,1,16),"")) | D79: =IF($B79="","","AS") | E79: =IF($B79="","",IF(INDEX('Grille AS'!$G$10:$BN$10,1,16)="","",INDEX('Grille AS'!$G$10:$BN$10,1,16))) | F79: =IF($B79="","",IF(OR(INDEX('Grille AS'!$G$6:$BN$6,1,16)="",INDEX('Grille AS'!$G$7:$BN$7,1,16)=""),"",ROUND(MOD(INDEX('Grille AS'!$G$7:$BN$7,1,16)-INDEX('Grille AS'!$G$6:$BN$6,1,16),1)*1440,0))) | G79: =IF($B79="","",IFERROR(INDEX('Grille AS'!$G$34:$BN$34,1,16),"")) | H79: =IF($B79="","",IFERROR(INDEX('Grille AS'!$G$35:$BN$35,1,16),"")) | I79: =IF($B79="","",IFERROR(INDEX('Grille AS'!$G$36:$BN$36,1,16),"")) | J79: =IF(NOT(ISNUMBER($I79)),"",IF($I79>='KPI Agents'!$E$5,"Objectif Atteint","Non Atteint")) | K79: =IF(NOT(ISNUMBER($A79)),"",_xlfn.ISOWEEKNUM($A79)) | L79: =IF(NOT(ISNUMBER($A79)),"",YEAR($A79)) | M79: =IF($B79="","","Grille AS") | N79: =IF($B79="","",SUBSTITUTE(ADDRESS(1,6+16,4),"1","")) | O79: =IF($B79="","",IF(INDEX('Grille AS'!$G$9:$BN$9,1,16)="","",INDEX('Grille AS'!$G$9:$BN$9,1,16))) | P79: =IF($B79="","",IF(INDEX('Grille AS'!$G$8:$BN$8,1,16)="","",INDEX('Grille AS'!$G$8:$BN$8,1,16))) | Q79: =IF($B79="","",COUNTA(INDEX('Grille AS'!$G$16:$BN$22,1,16):INDEX('Grille AS'!$G$16:$BN$22,7,16))+COUNTA(INDEX('Grille AS'!$G$24:$BN$31,1,16):INDEX('Grille AS'!$G$24:$BN$31,8,16))) | R79: =IF(NOT(ISNUMBER($Q79)),"",$Q79/15) | S79: =IF(NOT(ISNUMBER($R79)),"",IF($R79>='KPI Agents'!$F$5,"Oui","Non")) | T79: =IF(NOT(ISNUMBER($A79)),"",MONTH($A79))
A80: =IF(OR(INDEX('Grille AS'!$G$3:$BN$3,1,17)="",INDEX('Grille AS'!$G$5:$BN$5,1,17)=""),"",INDEX('Grille AS'!$G$5:$BN$5,1,17)) | B80: =IFERROR(IF(INDEX('Grille AS'!$G$3:$BN$3,1,17)="","",INDEX('Grille AS'!$G$3:$BN$3,1,17)),"") | C80: =IF($B80="","",IFERROR(INDEX('Grille AS'!$G$4:$BN$4,1,17),"")) | D80: =IF($B80="","","AS") | E80: =IF($B80="","",IF(INDEX('Grille AS'!$G$10:$BN$10,1,17)="","",INDEX('Grille AS'!$G$10:$BN$10,1,17))) | F80: =IF($B80="","",IF(OR(INDEX('Grille AS'!$G$6:$BN$6,1,17)="",INDEX('Grille AS'!$G$7:$BN$7,1,17)=""),"",ROUND(MOD(INDEX('Grille AS'!$G$7:$BN$7,1,17)-INDEX('Grille AS'!$G$6:$BN$6,1,17),1)*1440,0))) | G80: =IF($B80="","",IFERROR(INDEX('Grille AS'!$G$34:$BN$34,1,17),"")) | H80: =IF($B80="","",IFERROR(INDEX('Grille AS'!$G$35:$BN$35,1,17),"")) | I80: =IF($B80="","",IFERROR(INDEX('Grille AS'!$G$36:$BN$36,1,17),"")) | J80: =IF(NOT(ISNUMBER($I80)),"",IF($I80>='KPI Agents'!$E$5,"Objectif Atteint","Non Atteint")) | K80: =IF(NOT(ISNUMBER($A80)),"",_xlfn.ISOWEEKNUM($A80)) | L80: =IF(NOT(ISNUMBER($A80)),"",YEAR($A80)) | M80: =IF($B80="","","Grille AS") | N80: =IF($B80="","",SUBSTITUTE(ADDRESS(1,6+17,4),"1","")) | O80: =IF($B80="","",IF(INDEX('Grille AS'!$G$9:$BN$9,1,17)="","",INDEX('Grille AS'!$G$9:$BN$9,1,17))) | P80: =IF($B80="","",IF(INDEX('Grille AS'!$G$8:$BN$8,1,17)="","",INDEX('Grille AS'!$G$8:$BN$8,1,17))) | Q80: =IF($B80="","",COUNTA(INDEX('Grille AS'!$G$16:$BN$22,1,17):INDEX('Grille AS'!$G$16:$BN$22,7,17))+COUNTA(INDEX('Grille AS'!$G$24:$BN$31,1,17):INDEX('Grille AS'!$G$24:$BN$31,8,17))) | R80: =IF(NOT(ISNUMBER($Q80)),"",$Q80/15) | S80: =IF(NOT(ISNUMBER($R80)),"",IF($R80>='KPI Agents'!$F$5,"Oui","Non")) | T80: =IF(NOT(ISNUMBER($A80)),"",MONTH($A80))
A81: =IF(OR(INDEX('Grille AS'!$G$3:$BN$3,1,18)="",INDEX('Grille AS'!$G$5:$BN$5,1,18)=""),"",INDEX('Grille AS'!$G$5:$BN$5,1,18)) | B81: =IFERROR(IF(INDEX('Grille AS'!$G$3:$BN$3,1,18)="","",INDEX('Grille AS'!$G$3:$BN$3,1,18)),"") | C81: =IF($B81="","",IFERROR(INDEX('Grille AS'!$G$4:$BN$4,1,18),"")) | D81: =IF($B81="","","AS") | E81: =IF($B81="","",IF(INDEX('Grille AS'!$G$10:$BN$10,1,18)="","",INDEX('Grille AS'!$G$10:$BN$10,1,18))) | F81: =IF($B81="","",IF(OR(INDEX('Grille AS'!$G$6:$BN$6,1,18)="",INDEX('Grille AS'!$G$7:$BN$7,1,18)=""),"",ROUND(MOD(INDEX('Grille AS'!$G$7:$BN$7,1,18)-INDEX('Grille AS'!$G$6:$BN$6,1,18),1)*1440,0))) | G81: =IF($B81="","",IFERROR(INDEX('Grille AS'!$G$34:$BN$34,1,18),"")) | H81: =IF($B81="","",IFERROR(INDEX('Grille AS'!$G$35:$BN$35,1,18),"")) | I81: =IF($B81="","",IFERROR(INDEX('Grille AS'!$G$36:$BN$36,1,18),"")) | J81: =IF(NOT(ISNUMBER($I81)),"",IF($I81>='KPI Agents'!$E$5,"Objectif Atteint","Non Atteint")) | K81: =IF(NOT(ISNUMBER($A81)),"",_xlfn.ISOWEEKNUM($A81)) | L81: =IF(NOT(ISNUMBER($A81)),"",YEAR($A81)) | M81: =IF($B81="","","Grille AS") | N81: =IF($B81="","",SUBSTITUTE(ADDRESS(1,6+18,4),"1","")) | O81: =IF($B81="","",IF(INDEX('Grille AS'!$G$9:$BN$9,1,18)="","",INDEX('Grille AS'!$G$9:$BN$9,1,18))) | P81: =IF($B81="","",IF(INDEX('Grille AS'!$G$8:$BN$8,1,18)="","",INDEX('Grille AS'!$G$8:$BN$8,1,18))) | Q81: =IF($B81="","",COUNTA(INDEX('Grille AS'!$G$16:$BN$22,1,18):INDEX('Grille AS'!$G$16:$BN$22,7,18))+COUNTA(INDEX('Grille AS'!$G$24:$BN$31,1,18):INDEX('Grille AS'!$G$24:$BN$31,8,18))) | R81: =IF(NOT(ISNUMBER($Q81)),"",$Q81/15) | S81: =IF(NOT(ISNUMBER($R81)),"",IF($R81>='KPI Agents'!$F$5,"Oui","Non")) | T81: =IF(NOT(ISNUMBER($A81)),"",MONTH($A81))
A82: =IF(OR(INDEX('Grille AS'!$G$3:$BN$3,1,19)="",INDEX('Grille AS'!$G$5:$BN$5,1,19)=""),"",INDEX('Grille AS'!$G$5:$BN$5,1,19)) | B82: =IFERROR(IF(INDEX('Grille AS'!$G$3:$BN$3,1,19)="","",INDEX('Grille AS'!$G$3:$BN$3,1,19)),"") | C82: =IF($B82="","",IFERROR(INDEX('Grille AS'!$G$4:$BN$4,1,19),"")) | D82: =IF($B82="","","AS") | E82: =IF($B82="","",IF(INDEX('Grille AS'!$G$10:$BN$10,1,19)="","",INDEX('Grille AS'!$G$10:$BN$10,1,19))) | F82: =IF($B82="","",IF(OR(INDEX('Grille AS'!$G$6:$BN$6,1,19)="",INDEX('Grille AS'!$G$7:$BN$7,1,19)=""),"",ROUND(MOD(INDEX('Grille AS'!$G$7:$BN$7,1,19)-INDEX('Grille AS'!$G$6:$BN$6,1,19),1)*1440,0))) | G82: =IF($B82="","",IFERROR(INDEX('Grille AS'!$G$34:$BN$34,1,19),"")) | H82: =IF($B82="","",IFERROR(INDEX('Grille AS'!$G$35:$BN$35,1,19),"")) | I82: =IF($B82="","",IFERROR(INDEX('Grille AS'!$G$36:$BN$36,1,19),"")) | J82: =IF(NOT(ISNUMBER($I82)),"",IF($I82>='KPI Agents'!$E$5,"Objectif Atteint","Non Atteint")) | K82: =IF(NOT(ISNUMBER($A82)),"",_xlfn.ISOWEEKNUM($A82)) | L82: =IF(NOT(ISNUMBER($A82)),"",YEAR($A82)) | M82: =IF($B82="","","Grille AS") | N82: =IF($B82="","",SUBSTITUTE(ADDRESS(1,6+19,4),"1","")) | O82: =IF($B82="","",IF(INDEX('Grille AS'!$G$9:$BN$9,1,19)="","",INDEX('Grille AS'!$G$9:$BN$9,1,19))) | P82: =IF($B82="","",IF(INDEX('Grille AS'!$G$8:$BN$8,1,19)="","",INDEX('Grille AS'!$G$8:$BN$8,1,19))) | Q82: =IF($B82="","",COUNTA(INDEX('Grille AS'!$G$16:$BN$22,1,19):INDEX('Grille AS'!$G$16:$BN$22,7,19))+COUNTA(INDEX('Grille AS'!$G$24:$BN$31,1,19):INDEX('Grille AS'!$G$24:$BN$31,8,19))) | R82: =IF(NOT(ISNUMBER($Q82)),"",$Q82/15) | S82: =IF(NOT(ISNUMBER($R82)),"",IF($R82>='KPI Agents'!$F$5,"Oui","Non")) | T82: =IF(NOT(ISNUMBER($A82)),"",MONTH($A82))
A83: =IF(OR(INDEX('Grille AS'!$G$3:$BN$3,1,20)="",INDEX('Grille AS'!$G$5:$BN$5,1,20)=""),"",INDEX('Grille AS'!$G$5:$BN$5,1,20)) | B83: =IFERROR(IF(INDEX('Grille AS'!$G$3:$BN$3,1,20)="","",INDEX('Grille AS'!$G$3:$BN$3,1,20)),"") | C83: =IF($B83="","",IFERROR(INDEX('Grille AS'!$G$4:$BN$4,1,20),"")) | D83: =IF($B83="","","AS") | E83: =IF($B83="","",IF(INDEX('Grille AS'!$G$10:$BN$10,1,20)="","",INDEX('Grille AS'!$G$10:$BN$10,1,20))) | F83: =IF($B83="","",IF(OR(INDEX('Grille AS'!$G$6:$BN$6,1,20)="",INDEX('Grille AS'!$G$7:$BN$7,1,20)=""),"",ROUND(MOD(INDEX('Grille AS'!$G$7:$BN$7,1,20)-INDEX('Grille AS'!$G$6:$BN$6,1,20),1)*1440,0))) | G83: =IF($B83="","",IFERROR(INDEX('Grille AS'!$G$34:$BN$34,1,20),"")) | H83: =IF($B83="","",IFERROR(INDEX('Grille AS'!$G$35:$BN$35,1,20),"")) | I83: =IF($B83="","",IFERROR(INDEX('Grille AS'!$G$36:$BN$36,1,20),"")) | J83: =IF(NOT(ISNUMBER($I83)),"",IF($I83>='KPI Agents'!$E$5,"Objectif Atteint","Non Atteint")) | K83: =IF(NOT(ISNUMBER($A83)),"",_xlfn.ISOWEEKNUM($A83)) | L83: =IF(NOT(ISNUMBER($A83)),"",YEAR($A83)) | M83: =IF($B83="","","Grille AS") | N83: =IF($B83="","",SUBSTITUTE(ADDRESS(1,6+20,4),"1","")) | O83: =IF($B83="","",IF(INDEX('Grille AS'!$G$9:$BN$9,1,20)="","",INDEX('Grille AS'!$G$9:$BN$9,1,20))) | P83: =IF($B83="","",IF(INDEX('Grille AS'!$G$8:$BN$8,1,20)="","",INDEX('Grille AS'!$G$8:$BN$8,1,20))) | Q83: =IF($B83="","",COUNTA(INDEX('Grille AS'!$G$16:$BN$22,1,20):INDEX('Grille AS'!$G$16:$BN$22,7,20))+COUNTA(INDEX('Grille AS'!$G$24:$BN$31,1,20):INDEX('Grille AS'!$G$24:$BN$31,8,20))) | R83: =IF(NOT(ISNUMBER($Q83)),"",$Q83/15) | S83: =IF(NOT(ISNUMBER($R83)),"",IF($R83>='KPI Agents'!$F$5,"Oui","Non")) | T83: =IF(NOT(ISNUMBER($A83)),"",MONTH($A83))
A84: =IF(OR(INDEX('Grille AS'!$G$3:$BN$3,1,21)="",INDEX('Grille AS'!$G$5:$BN$5,1,21)=""),"",INDEX('Grille AS'!$G$5:$BN$5,1,21)) | B84: =IFERROR(IF(INDEX('Grille AS'!$G$3:$BN$3,1,21)="","",INDEX('Grille AS'!$G$3:$BN$3,1,21)),"") | C84: =IF($B84="","",IFERROR(INDEX('Grille AS'!$G$4:$BN$4,1,21),"")) | D84: =IF($B84="","","AS") | E84: =IF($B84="","",IF(INDEX('Grille AS'!$G$10:$BN$10,1,21)="","",INDEX('Grille AS'!$G$10:$BN$10,1,21))) | F84: =IF($B84="","",IF(OR(INDEX('Grille AS'!$G$6:$BN$6,1,21)="",INDEX('Grille AS'!$G$7:$BN$7,1,21)=""),"",ROUND(MOD(INDEX('Grille AS'!$G$7:$BN$7,1,21)-INDEX('Grille AS'!$G$6:$BN$6,1,21),1)*1440,0))) | G84: =IF($B84="","",IFERROR(INDEX('Grille AS'!$G$34:$BN$34,1,21),"")) | H84: =IF($B84="","",IFERROR(INDEX('Grille AS'!$G$35:$BN$35,1,21),"")) | I84: =IF($B84="","",IFERROR(INDEX('Grille AS'!$G$36:$BN$36,1,21),"")) | J84: =IF(NOT(ISNUMBER($I84)),"",IF($I84>='KPI Agents'!$E$5,"Objectif Atteint","Non Atteint")) | K84: =IF(NOT(ISNUMBER($A84)),"",_xlfn.ISOWEEKNUM($A84)) | L84: =IF(NOT(ISNUMBER($A84)),"",YEAR($A84)) | M84: =IF($B84="","","Grille AS") | N84: =IF($B84="","",SUBSTITUTE(ADDRESS(1,6+21,4),"1","")) | O84: =IF($B84="","",IF(INDEX('Grille AS'!$G$9:$BN$9,1,21)="","",INDEX('Grille AS'!$G$9:$BN$9,1,21))) | P84: =IF($B84="","",IF(INDEX('Grille AS'!$G$8:$BN$8,1,21)="","",INDEX('Grille AS'!$G$8:$BN$8,1,21))) | Q84: =IF($B84="","",COUNTA(INDEX('Grille AS'!$G$16:$BN$22,1,21):INDEX('Grille AS'!$G$16:$BN$22,7,21))+COUNTA(INDEX('Grille AS'!$G$24:$BN$31,1,21):INDEX('Grille AS'!$G$24:$BN$31,8,21))) | R84: =IF(NOT(ISNUMBER($Q84)),"",$Q84/15) | S84: =IF(NOT(ISNUMBER($R84)),"",IF($R84>='KPI Agents'!$F$5,"Oui","Non")) | T84: =IF(NOT(ISNUMBER($A84)),"",MONTH($A84))
A85: =IF(OR(INDEX('Grille AS'!$G$3:$BN$3,1,22)="",INDEX('Grille AS'!$G$5:$BN$5,1,22)=""),"",INDEX('Grille AS'!$G$5:$BN$5,1,22)) | B85: =IFERROR(IF(INDEX('Grille AS'!$G$3:$BN$3,1,22)="","",INDEX('Grille AS'!$G$3:$BN$3,1,22)),"") | C85: =IF($B85="","",IFERROR(INDEX('Grille AS'!$G$4:$BN$4,1,22),"")) | D85: =IF($B85="","","AS") | E85: =IF($B85="","",IF(INDEX('Grille AS'!$G$10:$BN$10,1,22)="","",INDEX('Grille AS'!$G$10:$BN$10,1,22))) | F85: =IF($B85="","",IF(OR(INDEX('Grille AS'!$G$6:$BN$6,1,22)="",INDEX('Grille AS'!$G$7:$BN$7,1,22)=""),"",ROUND(MOD(INDEX('Grille AS'!$G$7:$BN$7,1,22)-INDEX('Grille AS'!$G$6:$BN$6,1,22),1)*1440,0))) | G85: =IF($B85="","",IFERROR(INDEX('Grille AS'!$G$34:$BN$34,1,22),"")) | H85: =IF($B85="","",IFERROR(INDEX('Grille AS'!$G$35:$BN$35,1,22),"")) | I85: =IF($B85="","",IFERROR(INDEX('Grille AS'!$G$36:$BN$36,1,22),"")) | J85: =IF(NOT(ISNUMBER($I85)),"",IF($I85>='KPI Agents'!$E$5,"Objectif Atteint","Non Atteint")) | K85: =IF(NOT(ISNUMBER($A85)),"",_xlfn.ISOWEEKNUM($A85)) | L85: =IF(NOT(ISNUMBER($A85)),"",YEAR($A85)) | M85: =IF($B85="","","Grille AS") | N85: =IF($B85="","",SUBSTITUTE(ADDRESS(1,6+22,4),"1","")) | O85: =IF($B85="","",IF(INDEX('Grille AS'!$G$9:$BN$9,1,22)="","",INDEX('Grille AS'!$G$9:$BN$9,1,22))) | P85: =IF($B85="","",IF(INDEX('Grille AS'!$G$8:$BN$8,1,22)="","",INDEX('Grille AS'!$G$8:$BN$8,1,22))) | Q85: =IF($B85="","",COUNTA(INDEX('Grille AS'!$G$16:$BN$22,1,22):INDEX('Grille AS'!$G$16:$BN$22,7,22))+COUNTA(INDEX('Grille AS'!$G$24:$BN$31,1,22):INDEX('Grille AS'!$G$24:$BN$31,8,22))) | R85: =IF(NOT(ISNUMBER($Q85)),"",$Q85/15) | S85: =IF(NOT(ISNUMBER($R85)),"",IF($R85>='KPI Agents'!$F$5,"Oui","Non")) | T85: =IF(NOT(ISNUMBER($A85)),"",MONTH($A85))
A86: =IF(OR(INDEX('Grille AS'!$G$3:$BN$3,1,23)="",INDEX('Grille AS'!$G$5:$BN$5,1,23)=""),"",INDEX('Grille AS'!$G$5:$BN$5,1,23)) | B86: =IFERROR(IF(INDEX('Grille AS'!$G$3:$BN$3,1,23)="","",INDEX('Grille AS'!$G$3:$BN$3,1,23)),"") | C86: =IF($B86="","",IFERROR(INDEX('Grille AS'!$G$4:$BN$4,1,23),"")) | D86: =IF($B86="","","AS") | E86: =IF($B86="","",IF(INDEX('Grille AS'!$G$10:$BN$10,1,23)="","",INDEX('Grille AS'!$G$10:$BN$10,1,23))) | F86: =IF($B86="","",IF(OR(INDEX('Grille AS'!$G$6:$BN$6,1,23)="",INDEX('Grille AS'!$G$7:$BN$7,1,23)=""),"",ROUND(MOD(INDEX('Grille AS'!$G$7:$BN$7,1,23)-INDEX('Grille AS'!$G$6:$BN$6,1,23),1)*1440,0))) | G86: =IF($B86="","",IFERROR(INDEX('Grille AS'!$G$34:$BN$34,1,23),"")) | H86: =IF($B86="","",IFERROR(INDEX('Grille AS'!$G$35:$BN$35,1,23),"")) | I86: =IF($B86="","",IFERROR(INDEX('Grille AS'!$G$36:$BN$36,1,23),"")) | J86: =IF(NOT(ISNUMBER($I86)),"",IF($I86>='KPI Agents'!$E$5,"Objectif Atteint","Non Atteint")) | K86: =IF(NOT(ISNUMBER($A86)),"",_xlfn.ISOWEEKNUM($A86)) | L86: =IF(NOT(ISNUMBER($A86)),"",YEAR($A86)) | M86: =IF($B86="","","Grille AS") | N86: =IF($B86="","",SUBSTITUTE(ADDRESS(1,6+23,4),"1","")) | O86: =IF($B86="","",IF(INDEX('Grille AS'!$G$9:$BN$9,1,23)="","",INDEX('Grille AS'!$G$9:$BN$9,1,23))) | P86: =IF($B86="","",IF(INDEX('Grille AS'!$G$8:$BN$8,1,23)="","",INDEX('Grille AS'!$G$8:$BN$8,1,23))) | Q86: =IF($B86="","",COUNTA(INDEX('Grille AS'!$G$16:$BN$22,1,23):INDEX('Grille AS'!$G$16:$BN$22,7,23))+COUNTA(INDEX('Grille AS'!$G$24:$BN$31,1,23):INDEX('Grille AS'!$G$24:$BN$31,8,23))) | R86: =IF(NOT(ISNUMBER($Q86)),"",$Q86/15) | S86: =IF(NOT(ISNUMBER($R86)),"",IF($R86>='KPI Agents'!$F$5,"Oui","Non")) | T86: =IF(NOT(ISNUMBER($A86)),"",MONTH($A86))
A87: =IF(OR(INDEX('Grille AS'!$G$3:$BN$3,1,24)="",INDEX('Grille AS'!$G$5:$BN$5,1,24)=""),"",INDEX('Grille AS'!$G$5:$BN$5,1,24)) | B87: =IFERROR(IF(INDEX('Grille AS'!$G$3:$BN$3,1,24)="","",INDEX('Grille AS'!$G$3:$BN$3,1,24)),"") | C87: =IF($B87="","",IFERROR(INDEX('Grille AS'!$G$4:$BN$4,1,24),"")) | D87: =IF($B87="","","AS") | E87: =IF($B87="","",IF(INDEX('Grille AS'!$G$10:$BN$10,1,24)="","",INDEX('Grille AS'!$G$10:$BN$10,1,24))) | F87: =IF($B87="","",IF(OR(INDEX('Grille AS'!$G$6:$BN$6,1,24)="",INDEX('Grille AS'!$G$7:$BN$7,1,24)=""),"",ROUND(MOD(INDEX('Grille AS'!$G$7:$BN$7,1,24)-INDEX('Grille AS'!$G$6:$BN$6,1,24),1)*1440,0))) | G87: =IF($B87="","",IFERROR(INDEX('Grille AS'!$G$34:$BN$34,1,24),"")) | H87: =IF($B87="","",IFERROR(INDEX('Grille AS'!$G$35:$BN$35,1,24),"")) | I87: =IF($B87="","",IFERROR(INDEX('Grille AS'!$G$36:$BN$36,1,24),"")) | J87: =IF(NOT(ISNUMBER($I87)),"",IF($I87>='KPI Agents'!$E$5,"Objectif Atteint","Non Atteint")) | K87: =IF(NOT(ISNUMBER($A87)),"",_xlfn.ISOWEEKNUM($A87)) | L87: =IF(NOT(ISNUMBER($A87)),"",YEAR($A87)) | M87: =IF($B87="","","Grille AS") | N87: =IF($B87="","",SUBSTITUTE(ADDRESS(1,6+24,4),"1","")) | O87: =IF($B87="","",IF(INDEX('Grille AS'!$G$9:$BN$9,1,24)="","",INDEX('Grille AS'!$G$9:$BN$9,1,24))) | P87: =IF($B87="","",IF(INDEX('Grille AS'!$G$8:$BN$8,1,24)="","",INDEX('Grille AS'!$G$8:$BN$8,1,24))) | Q87: =IF($B87="","",COUNTA(INDEX('Grille AS'!$G$16:$BN$22,1,24):INDEX('Grille AS'!$G$16:$BN$22,7,24))+COUNTA(INDEX('Grille AS'!$G$24:$BN$31,1,24):INDEX('Grille AS'!$G$24:$BN$31,8,24))) | R87: =IF(NOT(ISNUMBER($Q87)),"",$Q87/15) | S87: =IF(NOT(ISNUMBER($R87)),"",IF($R87>='KPI Agents'!$F$5,"Oui","Non")) | T87: =IF(NOT(ISNUMBER($A87)),"",MONTH($A87))
A88: =IF(OR(INDEX('Grille AS'!$G$3:$BN$3,1,25)="",INDEX('Grille AS'!$G$5:$BN$5,1,25)=""),"",INDEX('Grille AS'!$G$5:$BN$5,1,25)) | B88: =IFERROR(IF(INDEX('Grille AS'!$G$3:$BN$3,1,25)="","",INDEX('Grille AS'!$G$3:$BN$3,1,25)),"") | C88: =IF($B88="","",IFERROR(INDEX('Grille AS'!$G$4:$BN$4,1,25),"")) | D88: =IF($B88="","","AS") | E88: =IF($B88="","",IF(INDEX('Grille AS'!$G$10:$BN$10,1,25)="","",INDEX('Grille AS'!$G$10:$BN$10,1,25))) | F88: =IF($B88="","",IF(OR(INDEX('Grille AS'!$G$6:$BN$6,1,25)="",INDEX('Grille AS'!$G$7:$BN$7,1,25)=""),"",ROUND(MOD(INDEX('Grille AS'!$G$7:$BN$7,1,25)-INDEX('Grille AS'!$G$6:$BN$6,1,25),1)*1440,0))) | G88: =IF($B88="","",IFERROR(INDEX('Grille AS'!$G$34:$BN$34,1,25),"")) | H88: =IF($B88="","",IFERROR(INDEX('Grille AS'!$G$35:$BN$35,1,25),"")) | I88: =IF($B88="","",IFERROR(INDEX('Grille AS'!$G$36:$BN$36,1,25),"")) | J88: =IF(NOT(ISNUMBER($I88)),"",IF($I88>='KPI Agents'!$E$5,"Objectif Atteint","Non Atteint")) | K88: =IF(NOT(ISNUMBER($A88)),"",_xlfn.ISOWEEKNUM($A88)) | L88: =IF(NOT(ISNUMBER($A88)),"",YEAR($A88)) | M88: =IF($B88="","","Grille AS") | N88: =IF($B88="","",SUBSTITUTE(ADDRESS(1,6+25,4),"1","")) | O88: =IF($B88="","",IF(INDEX('Grille AS'!$G$9:$BN$9,1,25)="","",INDEX('Grille AS'!$G$9:$BN$9,1,25))) | P88: =IF($B88="","",IF(INDEX('Grille AS'!$G$8:$BN$8,1,25)="","",INDEX('Grille AS'!$G$8:$BN$8,1,25))) | Q88: =IF($B88="","",COUNTA(INDEX('Grille AS'!$G$16:$BN$22,1,25):INDEX('Grille AS'!$G$16:$BN$22,7,25))+COUNTA(INDEX('Grille AS'!$G$24:$BN$31,1,25):INDEX('Grille AS'!$G$24:$BN$31,8,25))) | R88: =IF(NOT(ISNUMBER($Q88)),"",$Q88/15) | S88: =IF(NOT(ISNUMBER($R88)),"",IF($R88>='KPI Agents'!$F$5,"Oui","Non")) | T88: =IF(NOT(ISNUMBER($A88)),"",MONTH($A88))
A89: =IF(OR(INDEX('Grille AS'!$G$3:$BN$3,1,26)="",INDEX('Grille AS'!$G$5:$BN$5,1,26)=""),"",INDEX('Grille AS'!$G$5:$BN$5,1,26)) | B89: =IFERROR(IF(INDEX('Grille AS'!$G$3:$BN$3,1,26)="","",INDEX('Grille AS'!$G$3:$BN$3,1,26)),"") | C89: =IF($B89="","",IFERROR(INDEX('Grille AS'!$G$4:$BN$4,1,26),"")) | D89: =IF($B89="","","AS") | E89: =IF($B89="","",IF(INDEX('Grille AS'!$G$10:$BN$10,1,26)="","",INDEX('Grille AS'!$G$10:$BN$10,1,26))) | F89: =IF($B89="","",IF(OR(INDEX('Grille AS'!$G$6:$BN$6,1,26)="",INDEX('Grille AS'!$G$7:$BN$7,1,26)=""),"",ROUND(MOD(INDEX('Grille AS'!$G$7:$BN$7,1,26)-INDEX('Grille AS'!$G$6:$BN$6,1,26),1)*1440,0))) | G89: =IF($B89="","",IFERROR(INDEX('Grille AS'!$G$34:$BN$34,1,26),"")) | H89: =IF($B89="","",IFERROR(INDEX('Grille AS'!$G$35:$BN$35,1,26),"")) | I89: =IF($B89="","",IFERROR(INDEX('Grille AS'!$G$36:$BN$36,1,26),"")) | J89: =IF(NOT(ISNUMBER($I89)),"",IF($I89>='KPI Agents'!$E$5,"Objectif Atteint","Non Atteint")) | K89: =IF(NOT(ISNUMBER($A89)),"",_xlfn.ISOWEEKNUM($A89)) | L89: =IF(NOT(ISNUMBER($A89)),"",YEAR($A89)) | M89: =IF($B89="","","Grille AS") | N89: =IF($B89="","",SUBSTITUTE(ADDRESS(1,6+26,4),"1","")) | O89: =IF($B89="","",IF(INDEX('Grille AS'!$G$9:$BN$9,1,26)="","",INDEX('Grille AS'!$G$9:$BN$9,1,26))) | P89: =IF($B89="","",IF(INDEX('Grille AS'!$G$8:$BN$8,1,26)="","",INDEX('Grille AS'!$G$8:$BN$8,1,26))) | Q89: =IF($B89="","",COUNTA(INDEX('Grille AS'!$G$16:$BN$22,1,26):INDEX('Grille AS'!$G$16:$BN$22,7,26))+COUNTA(INDEX('Grille AS'!$G$24:$BN$31,1,26):INDEX('Grille AS'!$G$24:$BN$31,8,26))) | R89: =IF(NOT(ISNUMBER($Q89)),"",$Q89/15) | S89: =IF(NOT(ISNUMBER($R89)),"",IF($R89>='KPI Agents'!$F$5,"Oui","Non")) | T89: =IF(NOT(ISNUMBER($A89)),"",MONTH($A89))
A90: =IF(OR(INDEX('Grille AS'!$G$3:$BN$3,1,27)="",INDEX('Grille AS'!$G$5:$BN$5,1,27)=""),"",INDEX('Grille AS'!$G$5:$BN$5,1,27)) | B90: =IFERROR(IF(INDEX('Grille AS'!$G$3:$BN$3,1,27)="","",INDEX('Grille AS'!$G$3:$BN$3,1,27)),"") | C90: =IF($B90="","",IFERROR(INDEX('Grille AS'!$G$4:$BN$4,1,27),"")) | D90: =IF($B90="","","AS") | E90: =IF($B90="","",IF(INDEX('Grille AS'!$G$10:$BN$10,1,27)="","",INDEX('Grille AS'!$G$10:$BN$10,1,27))) | F90: =IF($B90="","",IF(OR(INDEX('Grille AS'!$G$6:$BN$6,1,27)="",INDEX('Grille AS'!$G$7:$BN$7,1,27)=""),"",ROUND(MOD(INDEX('Grille AS'!$G$7:$BN$7,1,27)-INDEX('Grille AS'!$G$6:$BN$6,1,27),1)*1440,0))) | G90: =IF($B90="","",IFERROR(INDEX('Grille AS'!$G$34:$BN$34,1,27),"")) | H90: =IF($B90="","",IFERROR(INDEX('Grille AS'!$G$35:$BN$35,1,27),"")) | I90: =IF($B90="","",IFERROR(INDEX('Grille AS'!$G$36:$BN$36,1,27),"")) | J90: =IF(NOT(ISNUMBER($I90)),"",IF($I90>='KPI Agents'!$E$5,"Objectif Atteint","Non Atteint")) | K90: =IF(NOT(ISNUMBER($A90)),"",_xlfn.ISOWEEKNUM($A90)) | L90: =IF(NOT(ISNUMBER($A90)),"",YEAR($A90)) | M90: =IF($B90="","","Grille AS") | N90: =IF($B90="","",SUBSTITUTE(ADDRESS(1,6+27,4),"1","")) | O90: =IF($B90="","",IF(INDEX('Grille AS'!$G$9:$BN$9,1,27)="","",INDEX('Grille AS'!$G$9:$BN$9,1,27))) | P90: =IF($B90="","",IF(INDEX('Grille AS'!$G$8:$BN$8,1,27)="","",INDEX('Grille AS'!$G$8:$BN$8,1,27))) | Q90: =IF($B90="","",COUNTA(INDEX('Grille AS'!$G$16:$BN$22,1,27):INDEX('Grille AS'!$G$16:$BN$22,7,27))+COUNTA(INDEX('Grille AS'!$G$24:$BN$31,1,27):INDEX('Grille AS'!$G$24:$BN$31,8,27))) | R90: =IF(NOT(ISNUMBER($Q90)),"",$Q90/15) | S90: =IF(NOT(ISNUMBER($R90)),"",IF($R90>='KPI Agents'!$F$5,"Oui","Non")) | T90: =IF(NOT(ISNUMBER($A90)),"",MONTH($A90))
A91: =IF(OR(INDEX('Grille AS'!$G$3:$BN$3,1,28)="",INDEX('Grille AS'!$G$5:$BN$5,1,28)=""),"",INDEX('Grille AS'!$G$5:$BN$5,1,28)) | B91: =IFERROR(IF(INDEX('Grille AS'!$G$3:$BN$3,1,28)="","",INDEX('Grille AS'!$G$3:$BN$3,1,28)),"") | C91: =IF($B91="","",IFERROR(INDEX('Grille AS'!$G$4:$BN$4,1,28),"")) | D91: =IF($B91="","","AS") | E91: =IF($B91="","",IF(INDEX('Grille AS'!$G$10:$BN$10,1,28)="","",INDEX('Grille AS'!$G$10:$BN$10,1,28))) | F91: =IF($B91="","",IF(OR(INDEX('Grille AS'!$G$6:$BN$6,1,28)="",INDEX('Grille AS'!$G$7:$BN$7,1,28)=""),"",ROUND(MOD(INDEX('Grille AS'!$G$7:$BN$7,1,28)-INDEX('Grille AS'!$G$6:$BN$6,1,28),1)*1440,0))) | G91: =IF($B91="","",IFERROR(INDEX('Grille AS'!$G$34:$BN$34,1,28),"")) | H91: =IF($B91="","",IFERROR(INDEX('Grille AS'!$G$35:$BN$35,1,28),"")) | I91: =IF($B91="","",IFERROR(INDEX('Grille AS'!$G$36:$BN$36,1,28),"")) | J91: =IF(NOT(ISNUMBER($I91)),"",IF($I91>='KPI Agents'!$E$5,"Objectif Atteint","Non Atteint")) | K91: =IF(NOT(ISNUMBER($A91)),"",_xlfn.ISOWEEKNUM($A91)) | L91: =IF(NOT(ISNUMBER($A91)),"",YEAR($A91)) | M91: =IF($B91="","","Grille AS") | N91: =IF($B91="","",SUBSTITUTE(ADDRESS(1,6+28,4),"1","")) | O91: =IF($B91="","",IF(INDEX('Grille AS'!$G$9:$BN$9,1,28)="","",INDEX('Grille AS'!$G$9:$BN$9,1,28))) | P91: =IF($B91="","",IF(INDEX('Grille AS'!$G$8:$BN$8,1,28)="","",INDEX('Grille AS'!$G$8:$BN$8,1,28))) | Q91: =IF($B91="","",COUNTA(INDEX('Grille AS'!$G$16:$BN$22,1,28):INDEX('Grille AS'!$G$16:$BN$22,7,28))+COUNTA(INDEX('Grille AS'!$G$24:$BN$31,1,28):INDEX('Grille AS'!$G$24:$BN$31,8,28))) | R91: =IF(NOT(ISNUMBER($Q91)),"",$Q91/15) | S91: =IF(NOT(ISNUMBER($R91)),"",IF($R91>='KPI Agents'!$F$5,"Oui","Non")) | T91: =IF(NOT(ISNUMBER($A91)),"",MONTH($A91))
A92: =IF(OR(INDEX('Grille AS'!$G$3:$BN$3,1,29)="",INDEX('Grille AS'!$G$5:$BN$5,1,29)=""),"",INDEX('Grille AS'!$G$5:$BN$5,1,29)) | B92: =IFERROR(IF(INDEX('Grille AS'!$G$3:$BN$3,1,29)="","",INDEX('Grille AS'!$G$3:$BN$3,1,29)),"") | C92: =IF($B92="","",IFERROR(INDEX('Grille AS'!$G$4:$BN$4,1,29),"")) | D92: =IF($B92="","","AS") | E92: =IF($B92="","",IF(INDEX('Grille AS'!$G$10:$BN$10,1,29)="","",INDEX('Grille AS'!$G$10:$BN$10,1,29))) | F92: =IF($B92="","",IF(OR(INDEX('Grille AS'!$G$6:$BN$6,1,29)="",INDEX('Grille AS'!$G$7:$BN$7,1,29)=""),"",ROUND(MOD(INDEX('Grille AS'!$G$7:$BN$7,1,29)-INDEX('Grille AS'!$G$6:$BN$6,1,29),1)*1440,0))) | G92: =IF($B92="","",IFERROR(INDEX('Grille AS'!$G$34:$BN$34,1,29),"")) | H92: =IF($B92="","",IFERROR(INDEX('Grille AS'!$G$35:$BN$35,1,29),"")) | I92: =IF($B92="","",IFERROR(INDEX('Grille AS'!$G$36:$BN$36,1,29),"")) | J92: =IF(NOT(ISNUMBER($I92)),"",IF($I92>='KPI Agents'!$E$5,"Objectif Atteint","Non Atteint")) | K92: =IF(NOT(ISNUMBER($A92)),"",_xlfn.ISOWEEKNUM($A92)) | L92: =IF(NOT(ISNUMBER($A92)),"",YEAR($A92)) | M92: =IF($B92="","","Grille AS") | N92: =IF($B92="","",SUBSTITUTE(ADDRESS(1,6+29,4),"1","")) | O92: =IF($B92="","",IF(INDEX('Grille AS'!$G$9:$BN$9,1,29)="","",INDEX('Grille AS'!$G$9:$BN$9,1,29))) | P92: =IF($B92="","",IF(INDEX('Grille AS'!$G$8:$BN$8,1,29)="","",INDEX('Grille AS'!$G$8:$BN$8,1,29))) | Q92: =IF($B92="","",COUNTA(INDEX('Grille AS'!$G$16:$BN$22,1,29):INDEX('Grille AS'!$G$16:$BN$22,7,29))+COUNTA(INDEX('Grille AS'!$G$24:$BN$31,1,29):INDEX('Grille AS'!$G$24:$BN$31,8,29))) | R92: =IF(NOT(ISNUMBER($Q92)),"",$Q92/15) | S92: =IF(NOT(ISNUMBER($R92)),"",IF($R92>='KPI Agents'!$F$5,"Oui","Non")) | T92: =IF(NOT(ISNUMBER($A92)),"",MONTH($A92))
